transaction_id,customer_id,account_id,timestamp,amount,currency,transaction_type,channel,counterparty_id,country,customer_segment
TXN00001,CUST4521,ACC_CUST4521,2026-07-05T01:02:30.073565,9416.24,USD,cash_deposit,atm,,CH,retail
TXN00002,CUST4521,ACC_CUST4521,2026-07-04T23:02:30.073565,9609.36,USD,cash_deposit,atm,,CH,retail
TXN00003,CUST4521,ACC_CUST4521,2026-07-06T04:02:30.073565,9542.46,USD,cash_deposit,branch,,CH,retail
TXN00004,CUST4521,ACC_CUST4521,2026-07-05T15:02:30.073565,9284.04,USD,cash_deposit,atm,,CH,retail
TXN00005,CUST4521,ACC_CUST4521,2026-07-05T18:02:30.073565,9460.34,USD,cash_deposit,atm,,CH,retail
TXN00006,CUST4521,ACC_CUST4521,2026-07-05T04:02:30.073565,9506.06,USD,cash_deposit,branch,,CH,retail
TXN00007,CUST4521,ACC_CUST4521,2026-07-04T11:02:30.073565,9280.95,USD,cash_deposit,atm,,CH,retail
TXN00008,CUST4521,ACC_CUST4521,2026-07-04T12:02:30.073565,9810.24,USD,cash_deposit,branch,,CH,retail
TXN00009,CUST4521,ACC_CUST4521,2026-07-05T16:02:30.073565,9222.39,USD,cash_deposit,branch,,CH,retail
TXN00010,CUST4521,ACC_CUST4521,2026-07-04T19:02:30.073565,9024.18,USD,cash_deposit,branch,,CH,retail
TXN00011,CUST1100,ACC_CUST1100,2026-07-08T11:02:30.073565,9410.3,USD,cash_deposit,branch,,US,high_net_worth
TXN00012,CUST1100,ACC_CUST1100,2026-07-08T02:02:30.073565,9489.43,USD,cash_deposit,branch,,US,high_net_worth
TXN00013,CUST1100,ACC_CUST1100,2026-07-06T19:02:30.073565,9649.5,USD,cash_deposit,branch,,US,high_net_worth
TXN00014,CUST1100,ACC_CUST1100,2026-07-06T14:02:30.073565,9770.64,USD,cash_deposit,branch,,US,high_net_worth
TXN00015,CUST1100,ACC_CUST1100,2026-07-06T23:02:30.073565,9796.07,USD,cash_deposit,atm,,US,high_net_worth
TXN00016,CUST1100,ACC_CUST1100,2026-07-06T07:02:30.073565,9551.83,USD,cash_deposit,branch,,US,high_net_worth
TXN00017,CUST1100,ACC_CUST1100,2026-07-08T11:02:30.073565,9132.01,USD,cash_deposit,atm,,US,high_net_worth
TXN00018,CUST1100,ACC_CUST1100,2026-07-08T20:02:30.073565,9978.01,USD,cash_deposit,atm,,US,high_net_worth
TXN00019,CUST1100,ACC_CUST1100,2026-07-08T09:02:30.073565,9606.53,USD,cash_deposit,atm,,US,high_net_worth
TXN00020,CUST1186,ACC_CUST1186,2026-07-04T21:02:30.073565,9736.22,USD,cash_deposit,atm,,SG,retail
TXN00021,CUST1186,ACC_CUST1186,2026-07-06T10:02:30.073565,9256.6,USD,cash_deposit,branch,,SG,retail
TXN00022,CUST1186,ACC_CUST1186,2026-07-05T12:02:30.073565,9758.16,USD,cash_deposit,atm,,SG,retail
TXN00023,CUST1186,ACC_CUST1186,2026-07-05T07:02:30.073565,9271.85,USD,cash_deposit,branch,,SG,retail
TXN00024,CUST1186,ACC_CUST1186,2026-07-05T13:02:30.073565,9232.15,USD,cash_deposit,atm,,SG,retail
TXN00025,CUST1186,ACC_CUST1186,2026-07-05T17:02:30.073565,9884.1,USD,cash_deposit,branch,,SG,retail
TXN00026,CUST1186,ACC_CUST1186,2026-07-04T18:02:30.073565,9149.32,USD,cash_deposit,atm,,SG,retail
TXN00027,CUST1186,ACC_CUST1186,2026-07-04T20:02:30.073565,9699.35,USD,cash_deposit,branch,,SG,retail
TXN00028,CUST1186,ACC_CUST1186,2026-07-06T06:02:30.073565,9403.52,USD,cash_deposit,atm,,SG,retail
TXN00029,CUST1186,ACC_CUST1186,2026-07-06T06:02:30.073565,9061.64,USD,cash_deposit,atm,,SG,retail
TXN00030,CUST1186,ACC_CUST1186,2026-07-06T02:02:30.073565,9895.79,USD,cash_deposit,branch,,SG,retail
TXN00031,CUST1186,ACC_CUST1186,2026-07-06T01:02:30.073565,9472.21,USD,cash_deposit,atm,,SG,retail
TXN00032,CUST1186,ACC_CUST1186,2026-07-05T15:02:30.073565,9745.94,USD,cash_deposit,atm,,SG,retail
TXN00033,CUST1186,ACC_CUST1186,2026-07-06T21:02:30.073565,9740.04,USD,cash_deposit,branch,,SG,retail
TXN00034,CUST1186,ACC_CUST1186,2026-07-06T15:02:30.073565,9217.23,USD,cash_deposit,atm,,SG,retail
TXN00035,CUST1220,ACC_CUST1220,2026-07-08T02:02:30.073565,9332.77,USD,cash_deposit,atm,,GB,high_net_worth
TXN00036,CUST1220,ACC_CUST1220,2026-07-06T22:02:30.073565,9832.1,USD,cash_deposit,branch,,GB,high_net_worth
TXN00037,CUST1220,ACC_CUST1220,2026-07-08T21:02:30.073565,9026.7,USD,cash_deposit,atm,,GB,high_net_worth
TXN00038,CUST1220,ACC_CUST1220,2026-07-06T04:02:30.073565,9083.11,USD,cash_deposit,atm,,GB,high_net_worth
TXN00039,CUST1220,ACC_CUST1220,2026-07-06T18:02:30.073565,9858.18,USD,cash_deposit,branch,,GB,high_net_worth
TXN00040,CUST1220,ACC_CUST1220,2026-07-06T07:02:30.073565,9257.55,USD,cash_deposit,atm,,GB,high_net_worth
TXN00041,CUST1220,ACC_CUST1220,2026-07-07T04:02:30.073565,9450.15,USD,cash_deposit,atm,,GB,high_net_worth
TXN00042,CUST1220,ACC_CUST1220,2026-07-08T01:02:30.073565,9275.47,USD,cash_deposit,atm,,GB,high_net_worth
TXN00043,CUST1035,ACC_CUST1035,2026-07-15T13:02:30.073565,9019.19,USD,cash_deposit,branch,,JP,retail
TXN00044,CUST1035,ACC_CUST1035,2026-07-14T21:02:30.073565,9221.98,USD,cash_deposit,branch,,JP,retail
TXN00045,CUST1035,ACC_CUST1035,2026-07-13T06:02:30.073565,9746.69,USD,cash_deposit,branch,,JP,retail
TXN00046,CUST1035,ACC_CUST1035,2026-07-14T02:02:30.073565,9830.84,USD,cash_deposit,branch,,JP,retail
TXN00047,CUST1035,ACC_CUST1035,2026-07-14T07:02:30.073565,9124.96,USD,cash_deposit,branch,,JP,retail
TXN00048,CUST1035,ACC_CUST1035,2026-07-14T04:02:30.073565,9460.38,USD,cash_deposit,atm,,JP,retail
TXN00049,CUST1035,ACC_CUST1035,2026-07-15T00:02:30.073565,9166.11,USD,cash_deposit,branch,,JP,retail
TXN00050,CUST1035,ACC_CUST1035,2026-07-13T21:02:30.073565,9955.07,USD,cash_deposit,branch,,JP,retail
TXN00051,CUST1035,ACC_CUST1035,2026-07-13T04:02:30.073565,9919.6,USD,cash_deposit,atm,,JP,retail
TXN00052,CUST1169,ACC_CUST1169,2026-07-09T10:02:30.073565,9586.18,USD,cash_deposit,branch,,FR,corporate
TXN00053,CUST1169,ACC_CUST1169,2026-07-09T14:02:30.073565,9690.22,USD,cash_deposit,atm,,FR,corporate
TXN00054,CUST1169,ACC_CUST1169,2026-07-09T16:02:30.073565,9788.26,USD,cash_deposit,branch,,FR,corporate
TXN00055,CUST1169,ACC_CUST1169,2026-07-10T21:02:30.073565,9527.42,USD,cash_deposit,atm,,FR,corporate
TXN00056,CUST1169,ACC_CUST1169,2026-07-09T09:02:30.073565,9500.9,USD,cash_deposit,atm,,FR,corporate
TXN00057,CUST1169,ACC_CUST1169,2026-07-09T02:02:30.073565,9841.08,USD,cash_deposit,atm,,FR,corporate
TXN00058,CUST1169,ACC_CUST1169,2026-07-09T14:02:30.073565,9429.19,USD,cash_deposit,atm,,FR,corporate
TXN00059,CUST1169,ACC_CUST1169,2026-07-11T11:02:30.073565,9700.24,USD,cash_deposit,atm,,FR,corporate
TXN00060,CUST1169,ACC_CUST1169,2026-07-09T23:02:30.073565,9726.46,USD,cash_deposit,atm,,FR,corporate
TXN00061,CUST1169,ACC_CUST1169,2026-07-11T21:02:30.073565,9766.9,USD,cash_deposit,atm,,FR,corporate
TXN00062,CUST1169,ACC_CUST1169,2026-07-11T08:02:30.073565,9817.48,USD,cash_deposit,atm,,FR,corporate
TXN00063,CUST1160,ACC_CUST1160,2026-07-11T12:02:30.073565,9276.14,USD,cash_deposit,atm,,JP,high_net_worth
TXN00064,CUST1160,ACC_CUST1160,2026-07-12T08:02:30.073565,9742.97,USD,cash_deposit,atm,,JP,high_net_worth
TXN00065,CUST1160,ACC_CUST1160,2026-07-12T20:02:30.073565,9028.41,USD,cash_deposit,atm,,JP,high_net_worth
TXN00066,CUST1160,ACC_CUST1160,2026-07-12T00:02:30.073565,9482.67,USD,cash_deposit,atm,,JP,high_net_worth
TXN00067,CUST1160,ACC_CUST1160,2026-07-12T10:02:30.073565,9336.94,USD,cash_deposit,atm,,JP,high_net_worth
TXN00068,CUST1160,ACC_CUST1160,2026-07-11T02:02:30.073565,9511.46,USD,cash_deposit,branch,,JP,high_net_worth
TXN00069,CUST1160,ACC_CUST1160,2026-07-11T11:02:30.073565,9238.94,USD,cash_deposit,atm,,JP,high_net_worth
TXN00070,CUST1160,ACC_CUST1160,2026-07-13T15:02:30.073565,9549.62,USD,cash_deposit,branch,,JP,high_net_worth
TXN00071,CUST1160,ACC_CUST1160,2026-07-13T13:02:30.073565,9639.44,USD,cash_deposit,atm,,JP,high_net_worth
TXN00072,CUST1160,ACC_CUST1160,2026-07-13T10:02:30.073565,9785.0,USD,cash_deposit,branch,,JP,high_net_worth
TXN00073,CUST1160,ACC_CUST1160,2026-07-12T14:02:30.073565,9219.38,USD,cash_deposit,branch,,JP,high_net_worth
TXN00074,CUST1063,ACC_CUST1063,2026-07-14T13:02:30.073565,9547.94,USD,cash_deposit,atm,,FR,corporate
TXN00075,CUST1063,ACC_CUST1063,2026-07-14T07:02:30.073565,9986.67,USD,cash_deposit,atm,,FR,corporate
TXN00076,CUST1063,ACC_CUST1063,2026-07-13T22:02:30.073565,9695.83,USD,cash_deposit,atm,,FR,corporate
TXN00077,CUST1063,ACC_CUST1063,2026-07-13T16:02:30.073565,9248.89,USD,cash_deposit,branch,,FR,corporate
TXN00078,CUST1063,ACC_CUST1063,2026-07-13T01:02:30.073565,9312.39,USD,cash_deposit,branch,,FR,corporate
TXN00079,CUST1063,ACC_CUST1063,2026-07-13T01:02:30.073565,9214.22,USD,cash_deposit,atm,,FR,corporate
TXN00080,CUST1063,ACC_CUST1063,2026-07-13T12:02:30.073565,9717.34,USD,cash_deposit,atm,,FR,corporate
TXN00081,CUST1063,ACC_CUST1063,2026-07-12T13:02:30.073565,9824.3,USD,cash_deposit,atm,,FR,corporate
TXN00082,CUST1063,ACC_CUST1063,2026-07-13T06:02:30.073565,9357.27,USD,cash_deposit,atm,,FR,corporate
TXN00083,CUST1063,ACC_CUST1063,2026-07-12T02:02:30.073565,9700.94,USD,cash_deposit,branch,,FR,corporate
TXN00084,CUST1063,ACC_CUST1063,2026-07-13T12:02:30.073565,9045.06,USD,cash_deposit,branch,,FR,corporate
TXN00085,CUST1063,ACC_CUST1063,2026-07-14T23:02:30.073565,9289.22,USD,cash_deposit,branch,,FR,corporate
TXN00086,CUST1063,ACC_CUST1063,2026-07-14T15:02:30.073565,9101.56,USD,cash_deposit,branch,,FR,corporate
TXN00087,CUST1153,ACC_CUST1153,2026-07-05T13:02:30.074105,9473.93,USD,cash_deposit,atm,,DE,high_net_worth
TXN00088,CUST1153,ACC_CUST1153,2026-07-04T00:02:30.074105,9955.84,USD,cash_deposit,atm,,DE,high_net_worth
TXN00089,CUST1153,ACC_CUST1153,2026-07-05T14:02:30.074105,9112.95,USD,cash_deposit,branch,,DE,high_net_worth
TXN00090,CUST1153,ACC_CUST1153,2026-07-05T04:02:30.074105,9486.83,USD,cash_deposit,branch,,DE,high_net_worth
TXN00091,CUST1153,ACC_CUST1153,2026-07-03T20:02:30.074105,9147.71,USD,cash_deposit,atm,,DE,high_net_worth
TXN00092,CUST1153,ACC_CUST1153,2026-07-03T11:02:30.074105,9983.98,USD,cash_deposit,branch,,DE,high_net_worth
TXN00093,CUST1153,ACC_CUST1153,2026-07-05T06:02:30.074105,9600.25,USD,cash_deposit,branch,,DE,high_net_worth
TXN00094,CUST1153,ACC_CUST1153,2026-07-05T19:02:30.074105,9376.57,USD,cash_deposit,atm,,DE,high_net_worth
TXN00095,CUST1153,ACC_CUST1153,2026-07-04T15:02:30.074105,9851.56,USD,cash_deposit,atm,,DE,high_net_worth
TXN00096,CUST1153,ACC_CUST1153,2026-07-04T16:02:30.074105,9562.94,USD,cash_deposit,branch,,DE,high_net_worth
TXN00097,CUST1153,ACC_CUST1153,2026-07-03T13:02:30.074105,9938.11,USD,cash_deposit,branch,,DE,high_net_worth
TXN00098,CUST1153,ACC_CUST1153,2026-07-04T04:02:30.074105,9262.0,USD,cash_deposit,branch,,DE,high_net_worth
TXN00099,CUST1259,ACC_CUST1259,2026-07-16T23:02:30.074202,9546.47,USD,cash_deposit,branch,,GB,retail
TXN00100,CUST1259,ACC_CUST1259,2026-07-16T01:02:30.074202,9404.43,USD,cash_deposit,atm,,GB,retail
TXN00101,CUST1259,ACC_CUST1259,2026-07-17T14:02:30.074202,9032.31,USD,cash_deposit,atm,,GB,retail
TXN00102,CUST1259,ACC_CUST1259,2026-07-17T13:02:30.074202,9695.96,USD,cash_deposit,atm,,GB,retail
TXN00103,CUST1259,ACC_CUST1259,2026-07-16T10:02:30.074202,9680.51,USD,cash_deposit,atm,,GB,retail
TXN00104,CUST1259,ACC_CUST1259,2026-07-17T02:02:30.074202,9420.89,USD,cash_deposit,branch,,GB,retail
TXN00105,CUST1259,ACC_CUST1259,2026-07-16T20:02:30.074202,9899.33,USD,cash_deposit,branch,,GB,retail
TXN00106,CUST1259,ACC_CUST1259,2026-07-16T10:02:30.074202,9059.04,USD,cash_deposit,atm,,GB,retail
TXN00107,CUST1259,ACC_CUST1259,2026-07-17T13:02:30.074202,9434.76,USD,cash_deposit,atm,,GB,retail
TXN00108,CUST1259,ACC_CUST1259,2026-07-17T15:02:30.074202,9692.74,USD,cash_deposit,atm,,GB,retail
TXN00109,CUST1259,ACC_CUST1259,2026-07-18T17:02:30.074202,9534.58,USD,cash_deposit,atm,,GB,retail
TXN00110,CUST1158,ACC_CUST1158,2026-07-21T08:02:30.074202,9727.19,USD,cash_deposit,atm,,CH,retail
TXN00111,CUST1158,ACC_CUST1158,2026-07-19T04:02:30.074202,9090.41,USD,cash_deposit,branch,,CH,retail
TXN00112,CUST1158,ACC_CUST1158,2026-07-20T11:02:30.074202,9570.48,USD,cash_deposit,branch,,CH,retail
TXN00113,CUST1158,ACC_CUST1158,2026-07-21T13:02:30.074202,9513.77,USD,cash_deposit,atm,,CH,retail
TXN00114,CUST1158,ACC_CUST1158,2026-07-20T12:02:30.074202,9179.67,USD,cash_deposit,atm,,CH,retail
TXN00115,CUST1158,ACC_CUST1158,2026-07-21T15:02:30.074202,9959.36,USD,cash_deposit,atm,,CH,retail
TXN00116,CUST1158,ACC_CUST1158,2026-07-20T21:02:30.074202,9404.26,USD,cash_deposit,atm,,CH,retail
TXN00117,CUST1158,ACC_CUST1158,2026-07-19T14:02:30.074202,9849.16,USD,cash_deposit,atm,,CH,retail
TXN00118,CUST1209,ACC_CUST1209,2026-07-09T13:02:30.074202,9655.96,USD,cash_deposit,atm,,FR,retail
TXN00119,CUST1209,ACC_CUST1209,2026-07-10T23:02:30.074202,9036.33,USD,cash_deposit,branch,,FR,retail
TXN00120,CUST1209,ACC_CUST1209,2026-07-09T17:02:30.074202,9249.87,USD,cash_deposit,branch,,FR,retail
TXN00121,CUST1209,ACC_CUST1209,2026-07-10T04:02:30.074202,9856.26,USD,cash_deposit,branch,,FR,retail
TXN00122,CUST1209,ACC_CUST1209,2026-07-10T22:02:30.074202,9457.36,USD,cash_deposit,branch,,FR,retail
TXN00123,CUST1209,ACC_CUST1209,2026-07-09T01:02:30.074202,9513.25,USD,cash_deposit,atm,,FR,retail
TXN00124,CUST1209,ACC_CUST1209,2026-07-10T09:02:30.074202,9752.39,USD,cash_deposit,branch,,FR,retail
TXN00125,CUST1209,ACC_CUST1209,2026-07-09T11:02:30.074202,9543.73,USD,cash_deposit,atm,,FR,retail
TXN00126,CUST1209,ACC_CUST1209,2026-07-10T09:02:30.074202,9872.04,USD,cash_deposit,atm,,FR,retail
TXN00127,CUST1209,ACC_CUST1209,2026-07-08T16:02:30.074202,9028.58,USD,cash_deposit,branch,,FR,retail
TXN00128,CUST1209,ACC_CUST1209,2026-07-08T21:02:30.074202,9307.64,USD,cash_deposit,branch,,FR,retail
TXN00129,CUST1209,ACC_CUST1209,2026-07-10T23:02:30.074202,9403.91,USD,cash_deposit,branch,,FR,retail
TXN00130,CUST1209,ACC_CUST1209,2026-07-08T15:02:30.074202,9456.83,USD,cash_deposit,branch,,FR,retail
TXN00131,CUST1209,ACC_CUST1209,2026-07-08T20:02:30.074202,9493.39,USD,cash_deposit,atm,,FR,retail
TXN00132,CUST1209,ACC_CUST1209,2026-07-10T18:02:30.074202,9698.36,USD,cash_deposit,atm,,FR,retail
TXN00133,CUST1167,ACC_CUST1167,2026-07-07T08:02:30.074202,9452.22,USD,cash_deposit,branch,,CH,retail
TXN00134,CUST1167,ACC_CUST1167,2026-07-08T02:02:30.074202,9188.7,USD,cash_deposit,branch,,CH,retail
TXN00135,CUST1167,ACC_CUST1167,2026-07-06T09:02:30.074202,9273.48,USD,cash_deposit,atm,,CH,retail
TXN00136,CUST1167,ACC_CUST1167,2026-07-07T20:02:30.074202,9924.91,USD,cash_deposit,atm,,CH,retail
TXN00137,CUST1167,ACC_CUST1167,2026-07-06T01:02:30.074202,9280.01,USD,cash_deposit,atm,,CH,retail
TXN00138,CUST1167,ACC_CUST1167,2026-07-08T15:02:30.074202,9856.61,USD,cash_deposit,atm,,CH,retail
TXN00139,CUST1167,ACC_CUST1167,2026-07-08T21:02:30.074202,9479.5,USD,cash_deposit,atm,,CH,retail
TXN00140,CUST1167,ACC_CUST1167,2026-07-08T23:02:30.074202,9755.24,USD,cash_deposit,atm,,CH,retail
TXN00141,CUST1167,ACC_CUST1167,2026-07-08T11:02:30.074202,9923.52,USD,cash_deposit,branch,,CH,retail
TXN00142,CUST1167,ACC_CUST1167,2026-07-07T07:02:30.074202,9566.08,USD,cash_deposit,branch,,CH,retail
TXN00143,CUST1167,ACC_CUST1167,2026-07-08T05:02:30.074202,9043.21,USD,cash_deposit,atm,,CH,retail
TXN00144,CUST1167,ACC_CUST1167,2026-07-08T01:02:30.074202,9382.22,USD,cash_deposit,branch,,CH,retail
TXN00145,CUST1167,ACC_CUST1167,2026-07-08T16:02:30.074202,9955.18,USD,cash_deposit,branch,,CH,retail
TXN00146,CUST1167,ACC_CUST1167,2026-07-08T17:02:30.074202,9955.7,USD,cash_deposit,atm,,CH,retail
TXN00147,CUST1167,ACC_CUST1167,2026-07-06T13:02:30.074202,9865.45,USD,cash_deposit,atm,,CH,retail
TXN00148,CUST1206,ACC_CUST1206,2026-07-18T02:02:30.074202,9715.22,USD,cash_deposit,atm,,DE,corporate
TXN00149,CUST1206,ACC_CUST1206,2026-07-18T20:02:30.074202,9074.08,USD,cash_deposit,atm,,DE,corporate
TXN00150,CUST1206,ACC_CUST1206,2026-07-19T20:02:30.074202,9617.03,USD,cash_deposit,atm,,DE,corporate
TXN00151,CUST1206,ACC_CUST1206,2026-07-18T11:02:30.074202,9843.25,USD,cash_deposit,atm,,DE,corporate
TXN00152,CUST1206,ACC_CUST1206,2026-07-19T17:02:30.074202,9620.53,USD,cash_deposit,atm,,DE,corporate
TXN00153,CUST1206,ACC_CUST1206,2026-07-20T22:02:30.074202,9035.54,USD,cash_deposit,branch,,DE,corporate
TXN00154,CUST1206,ACC_CUST1206,2026-07-19T07:02:30.074202,9624.85,USD,cash_deposit,atm,,DE,corporate
TXN00155,CUST1206,ACC_CUST1206,2026-07-19T06:02:30.074202,9739.3,USD,cash_deposit,atm,,DE,corporate
TXN00156,CUST1206,ACC_CUST1206,2026-07-18T13:02:30.074202,9752.77,USD,cash_deposit,branch,,DE,corporate
TXN00157,CUST1206,ACC_CUST1206,2026-07-20T09:02:30.074202,9164.7,USD,cash_deposit,atm,,DE,corporate
TXN00158,CUST1206,ACC_CUST1206,2026-07-18T04:02:30.074202,9045.53,USD,cash_deposit,branch,,DE,corporate
TXN00159,CUST1206,ACC_CUST1206,2026-07-19T14:02:30.074202,9354.88,USD,cash_deposit,atm,,DE,corporate
TXN00160,CUST1206,ACC_CUST1206,2026-07-18T19:02:30.074202,9241.76,USD,cash_deposit,atm,,DE,corporate
TXN00161,CUST1206,ACC_CUST1206,2026-07-19T00:02:30.074202,9168.28,USD,cash_deposit,branch,,DE,corporate
TXN00162,CUST1206,ACC_CUST1206,2026-07-20T01:02:30.074202,9613.51,USD,cash_deposit,branch,,DE,corporate
TXN00163,CUST1151,ACC_CUST1151,2026-07-07T06:02:30.074202,9456.54,USD,cash_deposit,atm,,GB,corporate
TXN00164,CUST1151,ACC_CUST1151,2026-07-08T11:02:30.074202,9252.77,USD,cash_deposit,branch,,GB,corporate
TXN00165,CUST1151,ACC_CUST1151,2026-07-08T12:02:30.074202,9892.2,USD,cash_deposit,branch,,GB,corporate
TXN00166,CUST1151,ACC_CUST1151,2026-07-06T10:02:30.074202,9437.31,USD,cash_deposit,atm,,GB,corporate
TXN00167,CUST1151,ACC_CUST1151,2026-07-07T15:02:30.074202,9632.55,USD,cash_deposit,atm,,GB,corporate
TXN00168,CUST1151,ACC_CUST1151,2026-07-07T09:02:30.074202,9452.27,USD,cash_deposit,atm,,GB,corporate
TXN00169,CUST1151,ACC_CUST1151,2026-07-07T02:02:30.074202,9989.38,USD,cash_deposit,atm,,GB,corporate
TXN00170,CUST1151,ACC_CUST1151,2026-07-06T14:02:30.074202,9234.83,USD,cash_deposit,atm,,GB,corporate
TXN00171,CUST1151,ACC_CUST1151,2026-07-07T14:02:30.074202,9982.77,USD,cash_deposit,atm,,GB,corporate
TXN00172,CUST1151,ACC_CUST1151,2026-07-06T03:02:30.074202,9968.17,USD,cash_deposit,atm,,GB,corporate
TXN00173,CUST1143,ACC_CUST1143,2026-06-27T00:02:30.074202,125405.38,USD,transfer,wire,ACC_CUST1070,SG,retail
TXN00174,CUST1070,ACC_CUST1070,2026-06-27T13:02:30.074202,122882.58,USD,transfer,wire,ACC_CUST1049,DE,retail
TXN00175,CUST1049,ACC_CUST1049,2026-06-28T02:02:30.074202,124102.05,USD,transfer,wire,ACC_CUST1020,CH,corporate
TXN00176,CUST1004,ACC_CUST1004,2026-07-08T02:02:30.074202,124950.51,USD,transfer,wire,ACC_CUST1213,SG,corporate
TXN00177,CUST1213,ACC_CUST1213,2026-07-08T14:02:30.074202,126492.37,USD,transfer,wire,ACC_CUST1090,JP,high_net_worth
TXN00178,CUST1090,ACC_CUST1090,2026-07-09T02:02:30.074202,126922.46,USD,transfer,wire,ACC_CUST1103,FR,high_net_worth
TXN00179,CUST1025,ACC_CUST1025,2026-07-09T00:02:30.074721,92536.68,USD,transfer,wire,ACC_CUST1247,US,retail
TXN00180,CUST1247,ACC_CUST1247,2026-07-09T13:02:30.074721,95323.09,USD,transfer,wire,ACC_CUST1152,JP,high_net_worth
TXN00181,CUST1152,ACC_CUST1152,2026-07-10T03:02:30.074721,95738.03,USD,transfer,wire,ACC_CUST1174,SG,corporate
TXN00182,CUST1268,ACC_CUST1268,2026-05-27T02:02:30.074721,86904.6,USD,transfer,wire,ACC_CUST1286,US,corporate
TXN00183,CUST1286,ACC_CUST1286,2026-05-27T15:02:30.074721,86303.5,USD,transfer,wire,ACC_CUST1187,DE,high_net_worth
TXN00184,CUST1187,ACC_CUST1187,2026-05-28T02:02:30.074721,87076.32,USD,transfer,wire,ACC_CUST1046,FR,corporate
TXN00185,CUST1149,ACC_CUST1149,2026-06-16T02:02:30.074721,51799.46,USD,transfer,wire,ACC_CUST1191,CH,high_net_worth
TXN00186,CUST1191,ACC_CUST1191,2026-06-16T13:02:30.074721,51237.47,USD,transfer,wire,ACC_CUST1055,GB,retail
TXN00187,CUST1055,ACC_CUST1055,2026-06-17T03:02:30.074721,51787.14,USD,transfer,wire,ACC_CUST1119,SG,high_net_worth
TXN00188,CUST1120,ACC_CUST1120,2026-07-08T00:02:30.074721,52471.88,USD,transfer,wire,ACC_CUST1155,SG,corporate
TXN00189,CUST1155,ACC_CUST1155,2026-07-08T15:02:30.074721,52061.25,USD,transfer,wire,ACC_CUST1210,JP,high_net_worth
TXN00190,CUST1210,ACC_CUST1210,2026-07-09T01:02:30.074721,53743.4,USD,transfer,wire,ACC_CUST1059,FR,retail
TXN00191,CUST1190,ACC_CUST1190,2026-06-23T03:02:30.074721,113946.08,USD,transfer,wire,ACC_CUST1069,US,high_net_worth
TXN00192,CUST1069,ACC_CUST1069,2026-06-23T13:02:30.074721,115341.65,USD,transfer,wire,ACC_CUST1199,FR,high_net_worth
TXN00193,CUST1199,ACC_CUST1199,2026-06-24T00:02:30.074721,115099.49,USD,transfer,wire,ACC_CUST1233,FR,retail
TXN00194,CUST1115,ACC_CUST1115,2026-06-02T03:02:30.074721,84248.83,USD,transfer,wire,ACC_CUST1209,GB,high_net_worth
TXN00195,CUST1209,ACC_CUST1209,2026-06-02T13:02:30.074721,85679.13,USD,transfer,wire,ACC_CUST1144,FR,retail
TXN00196,CUST1144,ACC_CUST1144,2026-06-03T00:02:30.074721,86116.06,USD,transfer,wire,ACC_CUST1016,FR,retail
TXN00197,CUST1099,ACC_CUST1099,2026-07-13T01:02:30.074721,88801.6,USD,transfer,wire,ACC_CUST1189,JP,corporate
TXN00198,CUST1189,ACC_CUST1189,2026-07-13T15:02:30.074721,85652.6,USD,transfer,wire,ACC_CUST1279,FR,high_net_worth
TXN00199,CUST1279,ACC_CUST1279,2026-07-14T01:02:30.074721,87628.62,USD,transfer,wire,ACC_CUST1184,CH,retail
TXN00200,CUST1131,ACC_CUST1131,2026-07-01T01:02:30.074721,141846.58,USD,transfer,wire,ACC_CUST1010,GB,high_net_worth
TXN00201,CUST1010,ACC_CUST1010,2026-07-01T13:02:30.074721,144930.06,USD,transfer,wire,ACC_CUST1025,US,high_net_worth
TXN00202,CUST1025,ACC_CUST1025,2026-07-02T01:02:30.074721,143394.65,USD,transfer,wire,ACC_CUST1171,US,retail
TXN00203,CUST1079,ACC_CUST1079,2026-04-11T23:02:30.073010,385.55,USD,withdrawal,atm,,DE,corporate
TXN00204,CUST1079,ACC_CUST1079,2026-07-05T23:02:30.073010,212.92,USD,transfer,online,,DE,corporate
TXN00205,CUST1079,ACC_CUST1079,2026-05-24T23:02:30.073010,276.73,USD,transfer,online,,DE,corporate
TXN00206,CUST1079,ACC_CUST1079,2026-06-29T23:02:30.073010,402.45,USD,transfer,atm,,DE,corporate
TXN00207,CUST1079,ACC_CUST1079,2026-05-25T23:02:30.073010,339.5,USD,deposit,online,,DE,corporate
TXN00208,CUST1079,ACC_CUST1079,2026-06-23T23:02:30.074721,446554.49,USD,transfer,wire,ACC_CUST1218,DE,corporate
TXN00209,CUST1001,ACC_CUST1001,2026-06-23T23:02:30.073010,98.58,USD,transfer,atm,,JP,retail
TXN00210,CUST1001,ACC_CUST1001,2026-04-06T23:02:30.073010,454.67,USD,withdrawal,online,,JP,retail
TXN00211,CUST1001,ACC_CUST1001,2026-04-05T23:02:30.073010,106.79,USD,transfer,atm,,JP,retail
TXN00212,CUST1001,ACC_CUST1001,2026-05-15T23:02:30.073010,497.58,USD,transfer,atm,,JP,retail
TXN00213,CUST1001,ACC_CUST1001,2026-05-25T23:02:30.073010,277.5,USD,withdrawal,online,,JP,retail
TXN00214,CUST1001,ACC_CUST1001,2026-07-16T23:02:30.074721,448477.46,USD,transfer,wire,ACC_CUST1282,JP,retail
TXN00215,CUST1154,ACC_CUST1154,2026-06-28T23:02:30.073010,439.47,USD,withdrawal,atm,,GB,corporate
TXN00216,CUST1154,ACC_CUST1154,2026-04-26T23:02:30.073010,236.22,USD,withdrawal,atm,,GB,corporate
TXN00217,CUST1154,ACC_CUST1154,2026-05-20T23:02:30.073010,378.33,USD,withdrawal,atm,,GB,corporate
TXN00218,CUST1154,ACC_CUST1154,2026-05-07T23:02:30.073010,349.3,USD,withdrawal,online,,GB,corporate
TXN00219,CUST1154,ACC_CUST1154,2026-06-23T23:02:30.073010,465.34,USD,deposit,online,,GB,corporate
TXN00220,CUST1154,ACC_CUST1154,2026-07-18T23:02:30.074721,182630.54,USD,transfer,wire,ACC_CUST1049,GB,corporate
TXN00221,CUST1078,ACC_CUST1078,2026-07-01T23:02:30.073010,382.46,USD,deposit,online,,US,high_net_worth
TXN00222,CUST1078,ACC_CUST1078,2026-06-11T23:02:30.073010,480.48,USD,transfer,atm,,US,high_net_worth
TXN00223,CUST1078,ACC_CUST1078,2026-06-21T23:02:30.073010,105.0,USD,withdrawal,atm,,US,high_net_worth
TXN00224,CUST1078,ACC_CUST1078,2026-06-28T23:02:30.073010,73.15,USD,withdrawal,atm,,US,high_net_worth
TXN00225,CUST1078,ACC_CUST1078,2026-05-12T23:02:30.073010,96.62,USD,transfer,online,,US,high_net_worth
TXN00226,CUST1078,ACC_CUST1078,2026-07-14T23:02:30.074721,379857.71,USD,transfer,wire,ACC_CUST1114,US,high_net_worth
TXN00227,CUST1070,ACC_CUST1070,2026-04-10T23:02:30.073010,207.55,USD,transfer,atm,,DE,retail
TXN00228,CUST1070,ACC_CUST1070,2026-04-11T23:02:30.073010,393.17,USD,transfer,online,,DE,retail
TXN00229,CUST1070,ACC_CUST1070,2026-05-21T23:02:30.073010,430.32,USD,transfer,online,,DE,retail
TXN00230,CUST1070,ACC_CUST1070,2026-06-13T23:02:30.073010,468.09,USD,transfer,atm,,DE,retail
TXN00231,CUST1070,ACC_CUST1070,2026-03-31T23:02:30.073010,131.19,USD,transfer,atm,,DE,retail
TXN00232,CUST1070,ACC_CUST1070,2026-07-02T23:02:30.075260,272858.2,USD,transfer,wire,ACC_CUST1092,DE,retail
TXN00233,CUST1137,ACC_CUST1137,2026-04-15T23:02:30.073010,304.84,USD,withdrawal,online,,US,retail
TXN00234,CUST1137,ACC_CUST1137,2026-04-15T23:02:30.073010,383.44,USD,deposit,online,,US,retail
TXN00235,CUST1137,ACC_CUST1137,2026-07-01T23:02:30.073010,288.72,USD,withdrawal,atm,,US,retail
TXN00236,CUST1137,ACC_CUST1137,2026-05-25T23:02:30.073010,203.4,USD,withdrawal,atm,,US,retail
TXN00237,CUST1137,ACC_CUST1137,2026-06-28T23:02:30.073010,195.97,USD,transfer,online,,US,retail
TXN00238,CUST1137,ACC_CUST1137,2026-07-20T23:02:30.075260,204452.97,USD,transfer,wire,ACC_CUST1025,US,retail
TXN00239,CUST1093,ACC_CUST1093,2026-06-22T23:02:30.073010,86.71,USD,withdrawal,atm,,FR,high_net_worth
TXN00240,CUST1093,ACC_CUST1093,2026-05-29T23:02:30.073010,323.18,USD,withdrawal,atm,,FR,high_net_worth
TXN00241,CUST1093,ACC_CUST1093,2026-04-24T23:02:30.073010,389.72,USD,deposit,atm,,FR,high_net_worth
TXN00242,CUST1093,ACC_CUST1093,2026-05-22T23:02:30.073010,99.9,USD,transfer,atm,,FR,high_net_worth
TXN00243,CUST1093,ACC_CUST1093,2026-06-03T23:02:30.073010,350.21,USD,deposit,online,,FR,high_net_worth
TXN00244,CUST1093,ACC_CUST1093,2026-06-28T23:02:30.075260,494555.98,USD,transfer,wire,ACC_CUST1028,FR,high_net_worth
TXN00245,CUST1059,ACC_CUST1059,2026-03-28T23:02:30.073010,141.99,USD,deposit,online,,US,high_net_worth
TXN00246,CUST1059,ACC_CUST1059,2026-07-03T23:02:30.073010,164.98,USD,withdrawal,online,,US,high_net_worth
TXN00247,CUST1059,ACC_CUST1059,2026-03-28T23:02:30.073010,273.82,USD,withdrawal,online,,US,high_net_worth
TXN00248,CUST1059,ACC_CUST1059,2026-04-13T23:02:30.073010,221.09,USD,transfer,online,,US,high_net_worth
TXN00249,CUST1059,ACC_CUST1059,2026-05-31T23:02:30.073010,301.43,USD,transfer,atm,,US,high_net_worth
TXN00250,CUST1059,ACC_CUST1059,2026-07-19T23:02:30.075349,288974.91,USD,transfer,wire,ACC_CUST1021,US,high_net_worth
TXN00251,CUST1014,ACC_CUST1014,2026-05-22T23:02:30.073010,58.43,USD,deposit,atm,,FR,high_net_worth
TXN00252,CUST1014,ACC_CUST1014,2026-06-09T23:02:30.073010,243.18,USD,withdrawal,atm,,FR,high_net_worth
TXN00253,CUST1014,ACC_CUST1014,2026-05-04T23:02:30.073010,101.83,USD,deposit,atm,,FR,high_net_worth
TXN00254,CUST1014,ACC_CUST1014,2026-04-18T23:02:30.073010,410.59,USD,transfer,atm,,FR,high_net_worth
TXN00255,CUST1014,ACC_CUST1014,2026-06-24T23:02:30.073010,463.9,USD,deposit,atm,,FR,high_net_worth
TXN00256,CUST1014,ACC_CUST1014,2026-07-17T23:02:30.075362,235160.77,USD,transfer,wire,ACC_CUST1205,FR,high_net_worth
TXN00257,CUST1071,ACC_CUST1071,2026-06-03T23:02:30.073010,85.39,USD,withdrawal,atm,,US,corporate
TXN00258,CUST1071,ACC_CUST1071,2026-04-25T23:02:30.073010,199.88,USD,deposit,online,,US,corporate
TXN00259,CUST1071,ACC_CUST1071,2026-06-01T23:02:30.073010,334.95,USD,transfer,online,,US,corporate
TXN00260,CUST1071,ACC_CUST1071,2026-07-05T23:02:30.073010,207.22,USD,transfer,online,,US,corporate
TXN00261,CUST1071,ACC_CUST1071,2026-04-27T23:02:30.073010,96.26,USD,withdrawal,online,,US,corporate
TXN00262,CUST1071,ACC_CUST1071,2026-07-12T23:02:30.075362,360839.64,USD,transfer,wire,ACC_CUST1038,US,corporate
TXN00263,CUST1008,ACC_CUST1008,2026-04-19T23:02:30.073010,478.08,USD,transfer,atm,,SG,high_net_worth
TXN00264,CUST1008,ACC_CUST1008,2026-05-26T23:02:30.073010,389.5,USD,transfer,atm,,SG,high_net_worth
TXN00265,CUST1008,ACC_CUST1008,2026-06-23T23:02:30.073010,465.87,USD,transfer,atm,,SG,high_net_worth
TXN00266,CUST1008,ACC_CUST1008,2026-06-16T23:02:30.073010,192.26,USD,withdrawal,online,,SG,high_net_worth
TXN00267,CUST1008,ACC_CUST1008,2026-05-27T23:02:30.073010,248.99,USD,withdrawal,atm,,SG,high_net_worth
TXN00268,CUST1008,ACC_CUST1008,2026-06-16T23:02:30.075436,169660.24,USD,transfer,wire,ACC_CUST1259,SG,high_net_worth
TXN00269,CUST1202,ACC_CUST1202,2026-04-06T23:02:30.073010,189.68,USD,withdrawal,online,,GB,high_net_worth
TXN00270,CUST1202,ACC_CUST1202,2026-04-04T23:02:30.073010,215.93,USD,withdrawal,online,,GB,high_net_worth
TXN00271,CUST1202,ACC_CUST1202,2026-06-18T23:02:30.073010,438.91,USD,deposit,atm,,GB,high_net_worth
TXN00272,CUST1202,ACC_CUST1202,2026-05-26T23:02:30.073010,311.15,USD,transfer,online,,GB,high_net_worth
TXN00273,CUST1202,ACC_CUST1202,2026-05-24T23:02:30.073010,459.07,USD,transfer,online,,GB,high_net_worth
TXN00274,CUST1202,ACC_CUST1202,2026-07-03T23:02:30.075436,361752.04,USD,transfer,wire,ACC_CUST1256,GB,high_net_worth
TXN00275,CUST1129,ACC_CUST1129,2026-04-16T23:02:30.073010,480.98,USD,withdrawal,online,,JP,high_net_worth
TXN00276,CUST1129,ACC_CUST1129,2026-05-10T23:02:30.073010,492.07,USD,deposit,online,,JP,high_net_worth
TXN00277,CUST1129,ACC_CUST1129,2026-04-02T23:02:30.073010,161.48,USD,withdrawal,atm,,JP,high_net_worth
TXN00278,CUST1129,ACC_CUST1129,2026-06-03T23:02:30.073010,285.24,USD,deposit,atm,,JP,high_net_worth
TXN00279,CUST1129,ACC_CUST1129,2026-05-14T23:02:30.073010,463.07,USD,withdrawal,atm,,JP,high_net_worth
TXN00280,CUST1129,ACC_CUST1129,2026-07-02T23:02:30.075436,387614.2,USD,transfer,wire,ACC_CUST1026,JP,high_net_worth
TXN00281,CUST1182,ACC_CUST1182,2026-06-16T23:02:30.073010,341.29,USD,deposit,atm,,US,high_net_worth
TXN00282,CUST1182,ACC_CUST1182,2026-04-09T23:02:30.073010,301.08,USD,withdrawal,atm,,US,high_net_worth
TXN00283,CUST1182,ACC_CUST1182,2026-04-29T23:02:30.073010,375.68,USD,transfer,online,,US,high_net_worth
TXN00284,CUST1182,ACC_CUST1182,2026-05-09T23:02:30.073010,86.68,USD,transfer,online,,US,high_net_worth
TXN00285,CUST1182,ACC_CUST1182,2026-05-11T23:02:30.073010,189.6,USD,transfer,atm,,US,high_net_worth
TXN00286,CUST1182,ACC_CUST1182,2026-07-15T23:02:30.075524,358264.43,USD,transfer,wire,ACC_CUST1043,US,high_net_worth
TXN00287,CUST1009,ACC_CUST1009,2026-05-06T23:02:30.073010,301.51,USD,transfer,atm,,JP,retail
TXN00288,CUST1009,ACC_CUST1009,2026-04-13T23:02:30.073010,351.55,USD,transfer,online,,JP,retail
TXN00289,CUST1009,ACC_CUST1009,2026-06-18T23:02:30.073010,351.71,USD,transfer,atm,,JP,retail
TXN00290,CUST1009,ACC_CUST1009,2026-03-30T23:02:30.073010,213.17,USD,deposit,online,,JP,retail
TXN00291,CUST1009,ACC_CUST1009,2026-05-10T23:02:30.073010,476.45,USD,withdrawal,online,,JP,retail
TXN00292,CUST1009,ACC_CUST1009,2026-07-09T23:02:30.075524,499991.82,USD,transfer,wire,ACC_CUST1079,JP,retail
TXN00293,CUST1145,ACC_CUST1145,2026-04-06T23:02:30.073010,183.11,USD,deposit,online,,CH,high_net_worth
TXN00294,CUST1145,ACC_CUST1145,2026-06-20T23:02:30.073010,201.54,USD,transfer,online,,CH,high_net_worth
TXN00295,CUST1145,ACC_CUST1145,2026-06-12T23:02:30.073010,219.52,USD,deposit,online,,CH,high_net_worth
TXN00296,CUST1145,ACC_CUST1145,2026-06-24T23:02:30.073010,396.99,USD,deposit,atm,,CH,high_net_worth
TXN00297,CUST1145,ACC_CUST1145,2026-04-02T23:02:30.073010,234.89,USD,transfer,online,,CH,high_net_worth
TXN00298,CUST1145,ACC_CUST1145,2026-06-25T23:02:30.075524,363708.4,USD,transfer,wire,ACC_CUST1229,CH,high_net_worth
TXN00299,CUST1028,ACC_CUST1028,2026-04-26T23:02:30.073010,290.31,USD,withdrawal,atm,,JP,high_net_worth
TXN00300,CUST1028,ACC_CUST1028,2026-04-21T23:02:30.073010,215.53,USD,transfer,atm,,JP,high_net_worth
TXN00301,CUST1028,ACC_CUST1028,2026-05-26T23:02:30.073010,396.25,USD,withdrawal,atm,,JP,high_net_worth
TXN00302,CUST1028,ACC_CUST1028,2026-04-17T23:02:30.073010,417.6,USD,transfer,online,,JP,high_net_worth
TXN00303,CUST1028,ACC_CUST1028,2026-04-29T23:02:30.073010,73.48,USD,withdrawal,atm,,JP,high_net_worth
TXN00304,CUST1028,ACC_CUST1028,2026-06-18T23:02:30.075524,477002.74,USD,transfer,wire,ACC_CUST1264,JP,high_net_worth
TXN00305,CUST1068,ACC_CUST1068,2026-04-12T23:02:30.073010,178.28,USD,deposit,atm,,JP,retail
TXN00306,CUST1068,ACC_CUST1068,2026-05-24T23:02:30.073010,457.39,USD,deposit,atm,,JP,retail
TXN00307,CUST1068,ACC_CUST1068,2026-04-08T23:02:30.073010,475.89,USD,deposit,atm,,JP,retail
TXN00308,CUST1068,ACC_CUST1068,2026-05-11T23:02:30.073010,468.71,USD,withdrawal,online,,JP,retail
TXN00309,CUST1068,ACC_CUST1068,2026-05-17T23:02:30.073010,275.9,USD,deposit,atm,,JP,retail
TXN00310,CUST1068,ACC_CUST1068,2026-07-18T23:02:30.075611,281219.44,USD,transfer,wire,ACC_CUST1014,JP,retail
TXN00311,CUST1237,ACC_CUST1237,2026-05-07T23:02:30.073010,468.87,USD,transfer,atm,,JP,corporate
TXN00312,CUST1237,ACC_CUST1237,2026-04-15T23:02:30.073010,111.92,USD,withdrawal,atm,,JP,corporate
TXN00313,CUST1237,ACC_CUST1237,2026-06-25T23:02:30.073010,424.0,USD,transfer,atm,,JP,corporate
TXN00314,CUST1237,ACC_CUST1237,2026-05-24T23:02:30.073010,326.91,USD,deposit,online,,JP,corporate
TXN00315,CUST1237,ACC_CUST1237,2026-04-29T23:02:30.073010,147.04,USD,deposit,atm,,JP,corporate
TXN00316,CUST1237,ACC_CUST1237,2026-07-16T23:02:30.075611,421660.42,USD,transfer,wire,ACC_CUST1121,JP,corporate
TXN00317,CUST1293,ACC_CUST1293,2026-05-05T23:02:30.073010,104.83,USD,deposit,atm,,US,corporate
TXN00318,CUST1293,ACC_CUST1293,2026-06-17T23:02:30.073010,407.25,USD,withdrawal,online,,US,corporate
TXN00319,CUST1293,ACC_CUST1293,2026-04-11T23:02:30.073010,426.51,USD,withdrawal,online,,US,corporate
TXN00320,CUST1293,ACC_CUST1293,2026-06-16T23:02:30.073010,281.92,USD,deposit,online,,US,corporate
TXN00321,CUST1293,ACC_CUST1293,2026-05-04T23:02:30.073010,243.16,USD,transfer,atm,,US,corporate
TXN00322,CUST1293,ACC_CUST1293,2026-07-08T23:02:30.075611,349732.3,USD,transfer,wire,ACC_CUST1095,US,corporate
TXN00323,CUST1043,ACC_CUST1043,2026-06-03T10:02:30.073010,158.51,USD,deposit,branch,,FR,corporate
TXN00324,CUST1240,ACC_CUST1240,2026-04-02T19:02:30.073010,97.77,USD,cash_deposit,atm,,FR,high_net_worth
TXN00325,CUST1008,ACC_CUST1008,2026-05-12T01:02:30.073010,452.87,USD,transfer,online,ACC_CUST1053,SG,high_net_worth
TXN00326,CUST1170,ACC_CUST1170,2026-04-14T00:02:30.073010,542.26,USD,transfer,atm,ACC_CUST1089,CH,retail
TXN00327,CUST1237,ACC_CUST1237,2026-06-25T14:02:30.073010,29.55,USD,withdrawal,online,,JP,corporate
TXN00328,CUST1234,ACC_CUST1234,2026-04-01T08:02:30.073010,479.78,USD,withdrawal,branch,,DE,retail
TXN00329,CUST1021,ACC_CUST1021,2026-05-07T08:02:30.073010,97.63,USD,cash_deposit,wire,,DE,high_net_worth
TXN00330,CUST1097,ACC_CUST1097,2026-05-03T10:02:30.073010,105.74,USD,deposit,atm,,DE,corporate
TXN00331,CUST1188,ACC_CUST1188,2026-05-22T11:02:30.073010,134.22,USD,cash_deposit,wire,,DE,retail
TXN00332,CUST1095,ACC_CUST1095,2026-05-30T21:02:30.073010,784.33,USD,cash_deposit,atm,,CH,retail
TXN00333,CUST1265,ACC_CUST1265,2026-05-01T01:02:30.073010,178.96,USD,cash_deposit,branch,,JP,corporate
TXN00334,CUST1092,ACC_CUST1092,2026-06-05T08:02:30.073010,129.21,USD,transfer,branch,ACC_CUST1040,DE,retail
TXN00335,CUST1151,ACC_CUST1151,2026-05-06T13:02:30.073010,361.13,USD,cash_deposit,online,,GB,corporate
TXN00336,CUST1179,ACC_CUST1179,2026-05-24T00:02:30.073010,316.05,USD,transfer,wire,ACC_CUST1140,CH,retail
TXN00337,CUST1029,ACC_CUST1029,2026-04-06T20:02:30.073010,225.9,USD,cash_deposit,atm,,JP,high_net_worth
TXN00338,CUST1081,ACC_CUST1081,2026-03-31T03:02:30.073010,50.48,USD,cash_deposit,branch,,SG,corporate
TXN00339,CUST1120,ACC_CUST1120,2026-07-05T19:02:30.073010,905.54,USD,transfer,atm,ACC_CUST1196,SG,corporate
TXN00340,CUST1016,ACC_CUST1016,2026-06-13T03:02:30.073010,149.57,USD,cash_deposit,atm,,DE,retail
TXN00341,CUST1039,ACC_CUST1039,2026-06-09T03:02:30.073010,324.57,USD,transfer,wire,ACC_CUST1160,DE,corporate
TXN00342,CUST1127,ACC_CUST1127,2026-04-10T23:02:30.073010,228.78,USD,withdrawal,wire,,US,high_net_worth
TXN00343,CUST1287,ACC_CUST1287,2026-04-12T07:02:30.073010,1695.15,USD,transfer,wire,ACC_CUST1109,SG,corporate
TXN00344,CUST1146,ACC_CUST1146,2026-06-24T14:02:30.073010,53.76,USD,withdrawal,branch,,GB,retail
TXN00345,CUST1037,ACC_CUST1037,2026-05-24T04:02:30.073010,509.03,USD,cash_deposit,branch,,CH,high_net_worth
TXN00346,CUST1163,ACC_CUST1163,2026-06-21T10:02:30.073010,675.84,USD,deposit,atm,,US,high_net_worth
TXN00347,CUST1080,ACC_CUST1080,2026-06-27T21:02:30.073010,223.24,USD,withdrawal,atm,,CH,retail
TXN00348,CUST1062,ACC_CUST1062,2026-04-22T03:02:30.073010,17.99,USD,withdrawal,wire,,JP,high_net_worth
TXN00349,CUST1283,ACC_CUST1283,2026-06-09T10:02:30.073010,293.99,USD,cash_deposit,online,,SG,retail
TXN00350,CUST1044,ACC_CUST1044,2026-04-05T08:02:30.073010,233.77,USD,cash_deposit,wire,,US,retail
TXN00351,CUST1209,ACC_CUST1209,2026-07-11T17:02:30.073010,1086.76,USD,deposit,online,,FR,retail
TXN00352,CUST1037,ACC_CUST1037,2026-05-24T13:02:30.073010,316.32,USD,transfer,online,ACC_CUST1282,CH,high_net_worth
TXN00353,CUST1093,ACC_CUST1093,2026-07-04T03:02:30.073010,544.05,USD,cash_deposit,branch,,FR,high_net_worth
TXN00354,CUST1265,ACC_CUST1265,2026-04-16T08:02:30.073010,126.87,USD,withdrawal,online,,JP,corporate
TXN00355,CUST1115,ACC_CUST1115,2026-05-11T15:02:30.073010,75.56,USD,transfer,branch,ACC_CUST1128,GB,high_net_worth
TXN00356,CUST1282,ACC_CUST1282,2026-05-02T03:02:30.073010,317.32,USD,transfer,branch,ACC_CUST1257,DE,high_net_worth
TXN00357,CUST1297,ACC_CUST1297,2026-04-16T04:02:30.073010,35.41,USD,transfer,branch,ACC_CUST1014,CH,corporate
TXN00358,CUST1295,ACC_CUST1295,2026-04-30T19:02:30.073010,298.79,USD,withdrawal,wire,,JP,corporate
TXN00359,CUST1015,ACC_CUST1015,2026-05-30T19:02:30.073010,94.26,USD,transfer,atm,ACC_CUST1247,FR,corporate
TXN00360,CUST1207,ACC_CUST1207,2026-05-05T13:02:30.073010,61.62,USD,deposit,branch,,SG,retail
TXN00361,CUST1212,ACC_CUST1212,2026-05-28T13:02:30.073010,289.92,USD,withdrawal,atm,,FR,corporate
TXN00362,CUST1160,ACC_CUST1160,2026-07-16T21:02:30.073010,52.04,USD,transfer,atm,ACC_CUST1204,JP,high_net_worth
TXN00363,CUST1189,ACC_CUST1189,2026-06-01T16:02:30.073010,93.02,USD,deposit,atm,,FR,high_net_worth
TXN00364,CUST1062,ACC_CUST1062,2026-05-01T13:02:30.073010,40.55,USD,withdrawal,online,,JP,high_net_worth
TXN00365,CUST1148,ACC_CUST1148,2026-05-16T18:02:30.073010,996.51,USD,cash_deposit,online,,CH,corporate
TXN00366,CUST1081,ACC_CUST1081,2026-07-10T09:02:30.073010,216.91,USD,transfer,online,ACC_CUST1081,SG,corporate
TXN00367,CUST1263,ACC_CUST1263,2026-05-26T14:02:30.073010,38.31,USD,transfer,wire,ACC_CUST1011,DE,high_net_worth
TXN00368,CUST1201,ACC_CUST1201,2026-05-31T13:02:30.073010,272.65,USD,withdrawal,online,,US,retail
TXN00369,CUST1024,ACC_CUST1024,2026-04-03T08:02:30.073010,110.96,USD,cash_deposit,wire,,DE,high_net_worth
TXN00370,CUST1004,ACC_CUST1004,2026-07-14T02:02:30.073010,652.28,USD,cash_deposit,online,,SG,corporate
TXN00371,CUST1187,ACC_CUST1187,2026-07-03T11:02:30.073010,25.75,USD,transfer,branch,ACC_CUST1205,FR,corporate
TXN00372,CUST1287,ACC_CUST1287,2026-04-21T10:02:30.073010,220.51,USD,transfer,branch,ACC_CUST1197,SG,corporate
TXN00373,CUST1281,ACC_CUST1281,2026-05-02T18:02:30.073010,1117.66,USD,deposit,online,,GB,high_net_worth
TXN00374,CUST1201,ACC_CUST1201,2026-05-14T09:02:30.073010,286.74,USD,transfer,online,ACC_CUST1101,US,retail
TXN00375,CUST1205,ACC_CUST1205,2026-05-31T00:02:30.073010,54.21,USD,deposit,branch,,JP,high_net_worth
TXN00376,CUST1170,ACC_CUST1170,2026-07-08T14:02:30.073010,289.62,USD,cash_deposit,online,,CH,retail
TXN00377,CUST1263,ACC_CUST1263,2026-04-14T09:02:30.073010,1410.62,USD,transfer,online,ACC_CUST1201,DE,high_net_worth
TXN00378,CUST1153,ACC_CUST1153,2026-06-11T09:02:30.073010,203.25,USD,cash_deposit,atm,,DE,high_net_worth
TXN00379,CUST1008,ACC_CUST1008,2026-05-14T09:02:30.073010,272.91,USD,deposit,wire,,SG,high_net_worth
TXN00380,CUST1013,ACC_CUST1013,2026-06-12T14:02:30.073010,272.78,USD,transfer,online,ACC_CUST1026,JP,retail
TXN00381,CUST1087,ACC_CUST1087,2026-06-03T19:02:30.073010,527.22,USD,cash_deposit,online,,CH,high_net_worth
TXN00382,CUST1124,ACC_CUST1124,2026-04-01T17:02:30.073010,15.74,USD,deposit,online,,JP,corporate
TXN00383,CUST1160,ACC_CUST1160,2026-05-20T03:02:30.073010,168.48,USD,cash_deposit,online,,JP,high_net_worth
TXN00384,CUST1241,ACC_CUST1241,2026-07-17T22:02:30.073010,229.37,USD,deposit,online,,JP,retail
TXN00385,CUST1287,ACC_CUST1287,2026-05-08T20:02:30.073010,122.96,USD,cash_deposit,wire,,SG,corporate
TXN00386,CUST1088,ACC_CUST1088,2026-05-25T16:02:30.073010,292.54,USD,transfer,atm,ACC_CUST1135,CH,high_net_worth
TXN00387,CUST1098,ACC_CUST1098,2026-04-28T07:02:30.073010,452.44,USD,transfer,online,ACC_CUST1152,GB,corporate
TXN00388,CUST1106,ACC_CUST1106,2026-06-24T21:02:30.073010,206.06,USD,cash_deposit,atm,,US,retail
TXN00389,CUST1286,ACC_CUST1286,2026-07-25T22:02:30.073010,265.63,USD,transfer,atm,ACC_CUST1062,DE,high_net_worth
TXN00390,CUST1278,ACC_CUST1278,2026-05-15T11:02:30.073010,22.89,USD,transfer,online,ACC_CUST1148,GB,high_net_worth
TXN00391,CUST1040,ACC_CUST1040,2026-05-11T13:02:30.073010,77.72,USD,transfer,wire,ACC_CUST1109,FR,corporate
TXN00392,CUST1275,ACC_CUST1275,2026-05-01T16:02:30.073010,296.88,USD,transfer,online,ACC_CUST1055,US,corporate
TXN00393,CUST4521,ACC_CUST4521,2026-04-27T06:02:30.073010,314.79,USD,deposit,online,,CH,retail
TXN00394,CUST1026,ACC_CUST1026,2026-04-09T12:02:30.073010,352.95,USD,transfer,wire,ACC_CUST1051,DE,high_net_worth
TXN00395,CUST1070,ACC_CUST1070,2026-03-28T16:02:30.073010,327.44,USD,withdrawal,wire,,DE,retail
TXN00396,CUST1243,ACC_CUST1243,2026-05-28T19:02:30.073010,126.21,USD,withdrawal,atm,,GB,retail
TXN00397,CUST1030,ACC_CUST1030,2026-07-22T01:02:30.073010,743.35,USD,withdrawal,branch,,DE,corporate
TXN00398,CUST1089,ACC_CUST1089,2026-05-20T04:02:30.073010,475.29,USD,deposit,wire,,GB,retail
TXN00399,CUST1095,ACC_CUST1095,2026-07-25T22:02:30.073010,116.31,USD,transfer,branch,ACC_CUST1004,CH,retail
TXN00400,CUST1054,ACC_CUST1054,2026-07-24T09:02:30.073010,232.9,USD,transfer,wire,ACC_CUST1278,DE,corporate
TXN00401,CUST1068,ACC_CUST1068,2026-07-14T15:02:30.073010,74.26,USD,cash_deposit,atm,,JP,retail
TXN00402,CUST1057,ACC_CUST1057,2026-05-09T04:02:30.073010,390.39,USD,cash_deposit,atm,,SG,corporate
TXN00403,CUST1007,ACC_CUST1007,2026-06-30T09:02:30.073010,293.22,USD,transfer,online,ACC_CUST1089,CH,retail
TXN00404,CUST1207,ACC_CUST1207,2026-07-11T12:02:30.073010,341.92,USD,transfer,branch,ACC_CUST1205,SG,retail
TXN00405,CUST1094,ACC_CUST1094,2026-04-14T14:02:30.073010,100.65,USD,transfer,online,ACC_CUST1003,CH,high_net_worth
TXN00406,CUST1120,ACC_CUST1120,2026-05-24T07:02:30.073010,394.99,USD,transfer,atm,ACC_CUST1298,SG,corporate
TXN00407,CUST1005,ACC_CUST1005,2026-04-30T19:02:30.073010,340.59,USD,transfer,online,ACC_CUST1031,US,retail
TXN00408,CUST1238,ACC_CUST1238,2026-05-06T04:02:30.073010,361.64,USD,cash_deposit,atm,,DE,retail
TXN00409,CUST1151,ACC_CUST1151,2026-05-14T18:02:30.073010,956.49,USD,withdrawal,online,,GB,corporate
TXN00410,CUST1244,ACC_CUST1244,2026-04-16T13:02:30.073010,741.85,USD,transfer,wire,ACC_CUST1281,GB,retail
TXN00411,CUST1275,ACC_CUST1275,2026-07-08T20:02:30.073010,352.15,USD,withdrawal,online,,US,corporate
TXN00412,CUST1041,ACC_CUST1041,2026-06-03T13:02:30.073010,45.71,USD,transfer,branch,ACC_CUST1288,FR,retail
TXN00413,CUST1280,ACC_CUST1280,2026-07-21T15:02:30.073010,63.93,USD,withdrawal,online,,JP,high_net_worth
TXN00414,CUST1266,ACC_CUST1266,2026-05-23T02:02:30.073010,38.6,USD,withdrawal,wire,,SG,retail
TXN00415,CUST1261,ACC_CUST1261,2026-05-24T00:02:30.073010,226.0,USD,cash_deposit,online,,CH,retail
TXN00416,CUST1233,ACC_CUST1233,2026-06-08T00:02:30.073010,395.42,USD,cash_deposit,atm,,US,retail
TXN00417,CUST1202,ACC_CUST1202,2026-04-28T23:02:30.073010,23.9,USD,withdrawal,branch,,GB,high_net_worth
TXN00418,CUST1176,ACC_CUST1176,2026-06-25T01:02:30.073010,1293.56,USD,deposit,branch,,US,high_net_worth
TXN00419,CUST1241,ACC_CUST1241,2026-04-01T08:02:30.073010,449.56,USD,cash_deposit,online,,JP,retail
TXN00420,CUST1215,ACC_CUST1215,2026-05-14T11:02:30.073010,151.31,USD,cash_deposit,wire,,FR,corporate
TXN00421,CUST1276,ACC_CUST1276,2026-04-14T19:02:30.073010,1492.06,USD,transfer,branch,ACC_CUST1091,SG,corporate
TXN00422,CUST1201,ACC_CUST1201,2026-06-03T03:02:30.073010,433.4,USD,withdrawal,branch,,US,retail
TXN00423,CUST1152,ACC_CUST1152,2026-05-26T20:02:30.073010,530.09,USD,cash_deposit,wire,,SG,corporate
TXN00424,CUST1126,ACC_CUST1126,2026-05-25T10:02:30.073010,72.65,USD,withdrawal,atm,,SG,retail
TXN00425,CUST1057,ACC_CUST1057,2026-04-01T20:02:30.073010,92.59,USD,cash_deposit,branch,,SG,corporate
TXN00426,CUST1034,ACC_CUST1034,2026-04-09T18:02:30.073010,283.23,USD,deposit,wire,,CH,corporate
TXN00427,CUST1024,ACC_CUST1024,2026-04-28T22:02:30.073010,183.39,USD,deposit,wire,,DE,high_net_worth
TXN00428,CUST1276,ACC_CUST1276,2026-04-24T00:02:30.073010,90.04,USD,withdrawal,atm,,SG,corporate
TXN00429,CUST1294,ACC_CUST1294,2026-05-07T17:02:30.073010,636.87,USD,transfer,online,ACC_CUST1154,SG,retail
TXN00430,CUST1266,ACC_CUST1266,2026-04-25T12:02:30.073010,254.06,USD,transfer,atm,ACC_CUST1031,SG,retail
TXN00431,CUST1089,ACC_CUST1089,2026-06-16T20:02:30.073010,24.41,USD,cash_deposit,wire,,GB,retail
TXN00432,CUST1176,ACC_CUST1176,2026-06-18T20:02:30.073010,367.52,USD,cash_deposit,atm,,US,high_net_worth
TXN00433,CUST1209,ACC_CUST1209,2026-04-16T08:02:30.073010,431.23,USD,cash_deposit,online,,FR,retail
TXN00434,CUST1242,ACC_CUST1242,2026-04-27T06:02:30.073010,748.62,USD,transfer,online,ACC_CUST1237,DE,high_net_worth
TXN00435,CUST1287,ACC_CUST1287,2026-05-19T12:02:30.073010,93.46,USD,withdrawal,wire,,SG,corporate
TXN00436,CUST1104,ACC_CUST1104,2026-05-09T19:02:30.073010,573.46,USD,deposit,wire,,SG,high_net_worth
TXN00437,CUST1047,ACC_CUST1047,2026-06-04T22:02:30.073010,103.78,USD,withdrawal,branch,,SG,retail
TXN00438,CUST1020,ACC_CUST1020,2026-07-17T01:02:30.073010,205.83,USD,withdrawal,online,,JP,retail
TXN00439,CUST1170,ACC_CUST1170,2026-05-04T23:02:30.073010,991.66,USD,withdrawal,online,,CH,retail
TXN00440,CUST1060,ACC_CUST1060,2026-07-01T14:02:30.073010,161.57,USD,withdrawal,online,,SG,corporate
TXN00441,CUST1122,ACC_CUST1122,2026-06-06T09:02:30.073010,238.85,USD,transfer,wire,ACC_CUST1238,GB,corporate
TXN00442,CUST1183,ACC_CUST1183,2026-05-06T07:02:30.073010,41.14,USD,transfer,wire,ACC_CUST1238,JP,high_net_worth
TXN00443,CUST1240,ACC_CUST1240,2026-07-03T09:02:30.073010,122.59,USD,withdrawal,atm,,FR,high_net_worth
TXN00444,CUST1023,ACC_CUST1023,2026-06-08T06:02:30.073010,100.65,USD,withdrawal,branch,,FR,retail
TXN00445,CUST1299,ACC_CUST1299,2026-06-10T22:02:30.073010,59.61,USD,cash_deposit,atm,,CH,retail
TXN00446,CUST1168,ACC_CUST1168,2026-04-26T11:02:30.073010,249.98,USD,withdrawal,wire,,GB,corporate
TXN00447,CUST1172,ACC_CUST1172,2026-04-29T14:02:30.073010,65.26,USD,cash_deposit,wire,,SG,retail
TXN00448,CUST1180,ACC_CUST1180,2026-04-18T03:02:30.073010,756.31,USD,cash_deposit,online,,FR,high_net_worth
TXN00449,CUST1277,ACC_CUST1277,2026-06-18T00:02:30.073010,881.15,USD,deposit,branch,,DE,corporate
TXN00450,CUST1024,ACC_CUST1024,2026-07-02T23:02:30.073010,564.58,USD,cash_deposit,online,,DE,high_net_worth
TXN00451,CUST1118,ACC_CUST1118,2026-04-05T21:02:30.073010,84.05,USD,withdrawal,branch,,DE,high_net_worth
TXN00452,CUST1233,ACC_CUST1233,2026-05-14T00:02:30.073010,14.76,USD,cash_deposit,wire,,US,retail
TXN00453,CUST1272,ACC_CUST1272,2026-06-06T12:02:30.073010,236.14,USD,deposit,branch,,SG,high_net_worth
TXN00454,CUST1140,ACC_CUST1140,2026-06-04T08:02:30.073010,502.23,USD,deposit,wire,,FR,corporate
TXN00455,CUST1091,ACC_CUST1091,2026-04-10T02:02:30.073010,73.93,USD,withdrawal,online,,GB,high_net_worth
TXN00456,CUST1269,ACC_CUST1269,2026-04-29T10:02:30.073010,150.07,USD,transfer,wire,ACC_CUST1040,US,retail
TXN00457,CUST1207,ACC_CUST1207,2026-05-25T17:02:30.073010,116.99,USD,withdrawal,online,,SG,retail
TXN00458,CUST1041,ACC_CUST1041,2026-06-19T19:02:30.073010,165.9,USD,deposit,branch,,FR,retail
TXN00459,CUST1193,ACC_CUST1193,2026-06-06T14:02:30.073010,374.05,USD,deposit,branch,,JP,corporate
TXN00460,CUST1042,ACC_CUST1042,2026-05-30T12:02:30.073010,764.56,USD,transfer,branch,ACC_CUST1270,GB,retail
TXN00461,CUST1117,ACC_CUST1117,2026-04-24T21:02:30.073010,24.3,USD,cash_deposit,atm,,FR,retail
TXN00462,CUST1038,ACC_CUST1038,2026-06-23T07:02:30.073010,802.54,USD,deposit,online,,CH,corporate
TXN00463,CUST1161,ACC_CUST1161,2026-03-30T05:02:30.073010,802.99,USD,withdrawal,wire,,GB,retail
TXN00464,CUST1153,ACC_CUST1153,2026-04-17T17:02:30.073010,349.06,USD,withdrawal,wire,,DE,high_net_worth
TXN00465,CUST1276,ACC_CUST1276,2026-05-09T11:02:30.073010,218.42,USD,withdrawal,branch,,SG,corporate
TXN00466,CUST1177,ACC_CUST1177,2026-04-03T02:02:30.073010,557.3,USD,cash_deposit,online,,US,retail
TXN00467,CUST1174,ACC_CUST1174,2026-06-13T18:02:30.073010,19.02,USD,cash_deposit,atm,,DE,high_net_worth
TXN00468,CUST1139,ACC_CUST1139,2026-07-06T13:02:30.073010,141.93,USD,cash_deposit,online,,SG,high_net_worth
TXN00469,CUST1192,ACC_CUST1192,2026-05-22T04:02:30.073010,453.74,USD,cash_deposit,branch,,GB,high_net_worth
TXN00470,CUST1151,ACC_CUST1151,2026-07-08T06:02:30.073010,103.58,USD,deposit,branch,,GB,corporate
TXN00471,CUST1194,ACC_CUST1194,2026-06-27T19:02:30.073010,124.24,USD,withdrawal,wire,,JP,corporate
TXN00472,CUST1054,ACC_CUST1054,2026-04-07T23:02:30.073010,439.82,USD,transfer,wire,ACC_CUST1184,DE,corporate
TXN00473,CUST1052,ACC_CUST1052,2026-04-13T01:02:30.073010,188.72,USD,withdrawal,wire,,US,retail
TXN00474,CUST1284,ACC_CUST1284,2026-06-01T12:02:30.073010,38.17,USD,deposit,branch,,SG,retail
TXN00475,CUST1283,ACC_CUST1283,2026-04-08T18:02:30.073010,113.53,USD,transfer,wire,ACC_CUST1006,SG,retail
TXN00476,CUST1198,ACC_CUST1198,2026-07-05T01:02:30.073010,356.86,USD,withdrawal,online,,CH,corporate
TXN00477,CUST1086,ACC_CUST1086,2026-04-14T07:02:30.073010,57.32,USD,transfer,atm,ACC_CUST1252,FR,high_net_worth
TXN00478,CUST1085,ACC_CUST1085,2026-05-22T07:02:30.073010,208.63,USD,cash_deposit,atm,,GB,corporate
TXN00479,CUST1039,ACC_CUST1039,2026-05-13T07:02:30.073010,280.28,USD,withdrawal,wire,,DE,corporate
TXN00480,CUST1100,ACC_CUST1100,2026-05-25T02:02:30.073010,12.04,USD,withdrawal,atm,,US,high_net_worth
TXN00481,CUST1202,ACC_CUST1202,2026-05-09T18:02:30.073010,184.06,USD,cash_deposit,atm,,GB,high_net_worth
TXN00482,CUST1220,ACC_CUST1220,2026-07-10T19:02:30.073010,125.99,USD,withdrawal,atm,,GB,high_net_worth
TXN00483,CUST1102,ACC_CUST1102,2026-05-28T09:02:30.073010,1049.48,USD,withdrawal,wire,,DE,high_net_worth
TXN00484,CUST1149,ACC_CUST1149,2026-06-30T21:02:30.073010,128.31,USD,cash_deposit,online,,CH,high_net_worth
TXN00485,CUST1143,ACC_CUST1143,2026-07-10T11:02:30.073010,76.87,USD,transfer,branch,ACC_CUST1288,SG,retail
TXN00486,CUST1279,ACC_CUST1279,2026-04-20T20:02:30.073010,869.28,USD,deposit,wire,,CH,retail
TXN00487,CUST1107,ACC_CUST1107,2026-05-23T08:02:30.073010,345.32,USD,deposit,wire,,SG,retail
TXN00488,CUST1071,ACC_CUST1071,2026-06-17T08:02:30.073010,332.47,USD,withdrawal,atm,,US,corporate
TXN00489,CUST1216,ACC_CUST1216,2026-07-07T11:02:30.073010,1413.34,USD,deposit,wire,,DE,high_net_worth
TXN00490,CUST1245,ACC_CUST1245,2026-06-10T11:02:30.073010,479.23,USD,cash_deposit,branch,,JP,retail
TXN00491,CUST1184,ACC_CUST1184,2026-06-25T16:02:30.073010,449.54,USD,deposit,branch,,GB,high_net_worth
TXN00492,CUST1181,ACC_CUST1181,2026-04-18T19:02:30.073010,1031.66,USD,deposit,wire,,SG,corporate
TXN00493,CUST1169,ACC_CUST1169,2026-07-07T12:02:30.073010,41.14,USD,deposit,branch,,FR,corporate
TXN00494,CUST1113,ACC_CUST1113,2026-06-01T22:02:30.073010,150.58,USD,withdrawal,wire,,US,retail
TXN00495,CUST1237,ACC_CUST1237,2026-07-04T20:02:30.073010,1832.81,USD,withdrawal,atm,,JP,corporate
TXN00496,CUST1247,ACC_CUST1247,2026-04-10T08:02:30.073010,47.01,USD,cash_deposit,branch,,JP,high_net_worth
TXN00497,CUST1072,ACC_CUST1072,2026-05-11T08:02:30.073010,230.89,USD,transfer,wire,ACC_CUST1105,SG,retail
TXN00498,CUST1178,ACC_CUST1178,2026-05-27T02:02:30.073010,125.22,USD,cash_deposit,wire,,US,high_net_worth
TXN00499,CUST1153,ACC_CUST1153,2026-04-02T21:02:30.073010,577.5,USD,deposit,branch,,DE,high_net_worth
TXN00500,CUST1055,ACC_CUST1055,2026-06-22T04:02:30.073010,250.83,USD,withdrawal,online,,SG,high_net_worth
TXN00501,CUST1169,ACC_CUST1169,2026-06-07T12:02:30.073010,489.48,USD,cash_deposit,online,,FR,corporate
TXN00502,CUST1094,ACC_CUST1094,2026-04-20T19:02:30.073010,18.89,USD,cash_deposit,wire,,CH,high_net_worth
TXN00503,CUST1101,ACC_CUST1101,2026-05-24T17:02:30.073010,11.34,USD,cash_deposit,wire,,US,high_net_worth
TXN00504,CUST1109,ACC_CUST1109,2026-04-23T07:02:30.073010,492.09,USD,deposit,branch,,SG,corporate
TXN00505,CUST1274,ACC_CUST1274,2026-04-20T10:02:30.073010,46.3,USD,transfer,online,ACC_CUST1234,US,corporate
TXN00506,CUST1250,ACC_CUST1250,2026-06-03T19:02:30.073010,275.3,USD,transfer,wire,ACC_CUST1200,US,retail
TXN00507,CUST1178,ACC_CUST1178,2026-05-12T13:02:30.073010,762.82,USD,withdrawal,atm,,US,high_net_worth
TXN00508,CUST1043,ACC_CUST1043,2026-06-22T03:02:30.073010,119.32,USD,transfer,branch,ACC_CUST1122,FR,corporate
TXN00509,CUST1093,ACC_CUST1093,2026-05-14T21:02:30.073010,172.51,USD,withdrawal,wire,,FR,high_net_worth
TXN00510,CUST1070,ACC_CUST1070,2026-06-09T11:02:30.073010,210.05,USD,cash_deposit,online,,DE,retail
TXN00511,CUST1275,ACC_CUST1275,2026-06-24T19:02:30.073010,211.79,USD,withdrawal,online,,US,corporate
TXN00512,CUST1071,ACC_CUST1071,2026-04-20T09:02:30.073010,611.91,USD,cash_deposit,branch,,US,corporate
TXN00513,CUST1004,ACC_CUST1004,2026-05-29T03:02:30.073010,1005.85,USD,withdrawal,wire,,SG,corporate
TXN00514,CUST1258,ACC_CUST1258,2026-06-19T14:02:30.073010,171.17,USD,cash_deposit,wire,,JP,corporate
TXN00515,CUST1227,ACC_CUST1227,2026-05-29T04:02:30.073010,486.72,USD,deposit,branch,,JP,high_net_worth
TXN00516,CUST1112,ACC_CUST1112,2026-05-04T00:02:30.073010,112.19,USD,transfer,online,ACC_CUST1275,GB,retail
TXN00517,CUST1234,ACC_CUST1234,2026-06-08T22:02:30.073010,265.09,USD,cash_deposit,branch,,DE,retail
TXN00518,CUST1137,ACC_CUST1137,2026-07-05T16:02:30.073010,247.13,USD,transfer,branch,ACC_CUST1225,US,retail
TXN00519,CUST1217,ACC_CUST1217,2026-04-10T22:02:30.073010,633.38,USD,withdrawal,atm,,US,high_net_worth
TXN00520,CUST1016,ACC_CUST1016,2026-05-24T07:02:30.073010,611.39,USD,transfer,branch,ACC_CUST1224,DE,retail
TXN00521,CUST1060,ACC_CUST1060,2026-07-05T06:02:30.073010,602.09,USD,withdrawal,atm,,SG,corporate
TXN00522,CUST1219,ACC_CUST1219,2026-04-18T18:02:30.073010,513.85,USD,withdrawal,online,,CH,retail
TXN00523,CUST1030,ACC_CUST1030,2026-06-08T10:02:30.073010,1168.97,USD,transfer,online,ACC_CUST1165,DE,corporate
TXN00524,CUST1149,ACC_CUST1149,2026-05-04T17:02:30.073010,997.21,USD,transfer,branch,ACC_CUST1069,CH,high_net_worth
TXN00525,CUST1210,ACC_CUST1210,2026-07-23T00:02:30.073010,96.18,USD,transfer,online,ACC_CUST1067,FR,retail
TXN00526,CUST1164,ACC_CUST1164,2026-07-12T06:02:30.073010,56.01,USD,cash_deposit,wire,,GB,corporate
TXN00527,CUST1137,ACC_CUST1137,2026-06-16T12:02:30.073010,33.56,USD,cash_deposit,wire,,US,retail
TXN00528,CUST1047,ACC_CUST1047,2026-05-18T15:02:30.073010,910.25,USD,transfer,atm,ACC_CUST1232,SG,retail
TXN00529,CUST1167,ACC_CUST1167,2026-06-09T23:02:30.073010,312.23,USD,deposit,wire,,CH,retail
TXN00530,CUST1183,ACC_CUST1183,2026-07-14T01:02:30.073010,1043.81,USD,cash_deposit,online,,JP,high_net_worth
TXN00531,CUST1108,ACC_CUST1108,2026-05-30T07:02:30.073010,247.76,USD,transfer,atm,ACC_CUST1172,FR,retail
TXN00532,CUST1066,ACC_CUST1066,2026-06-08T14:02:30.073010,41.47,USD,transfer,branch,ACC_CUST1023,US,high_net_worth
TXN00533,CUST1235,ACC_CUST1235,2026-03-30T02:02:30.073010,192.93,USD,withdrawal,wire,,JP,retail
TXN00534,CUST1219,ACC_CUST1219,2026-04-22T21:02:30.073010,61.94,USD,withdrawal,atm,,CH,retail
TXN00535,CUST1140,ACC_CUST1140,2026-04-08T19:02:30.073010,149.49,USD,transfer,atm,ACC_CUST1042,FR,corporate
TXN00536,CUST1084,ACC_CUST1084,2026-04-03T11:02:30.073010,329.69,USD,transfer,online,ACC_CUST1219,GB,high_net_worth
TXN00537,CUST1048,ACC_CUST1048,2026-03-28T05:02:30.073010,52.71,USD,cash_deposit,branch,,US,corporate
TXN00538,CUST1115,ACC_CUST1115,2026-06-02T20:02:30.073010,12.43,USD,cash_deposit,branch,,GB,high_net_worth
TXN00539,CUST1175,ACC_CUST1175,2026-07-10T02:02:30.073010,204.85,USD,cash_deposit,online,,SG,corporate
TXN00540,CUST1117,ACC_CUST1117,2026-05-16T01:02:30.073010,122.78,USD,deposit,branch,,FR,retail
TXN00541,CUST1153,ACC_CUST1153,2026-04-14T11:02:30.073010,31.26,USD,withdrawal,online,,DE,high_net_worth
TXN00542,CUST1288,ACC_CUST1288,2026-03-29T18:02:30.073010,139.78,USD,withdrawal,wire,,FR,retail
TXN00543,CUST1109,ACC_CUST1109,2026-06-16T22:02:30.073010,297.19,USD,withdrawal,wire,,SG,corporate
TXN00544,CUST1226,ACC_CUST1226,2026-07-16T05:02:30.073010,55.25,USD,deposit,branch,,CH,corporate
TXN00545,CUST1063,ACC_CUST1063,2026-06-11T22:02:30.073010,1001.07,USD,cash_deposit,atm,,FR,corporate
TXN00546,CUST1161,ACC_CUST1161,2026-07-07T03:02:30.073010,320.37,USD,withdrawal,atm,,GB,retail
TXN00547,CUST1127,ACC_CUST1127,2026-06-06T18:02:30.073010,78.99,USD,transfer,branch,ACC_CUST1154,US,high_net_worth
TXN00548,CUST1260,ACC_CUST1260,2026-04-21T22:02:30.073010,321.68,USD,cash_deposit,atm,,GB,high_net_worth
TXN00549,CUST1122,ACC_CUST1122,2026-05-30T11:02:30.073010,217.69,USD,deposit,online,,GB,corporate
TXN00550,CUST1036,ACC_CUST1036,2026-06-02T23:02:30.073010,156.74,USD,transfer,atm,ACC_CUST1067,SG,retail
TXN00551,CUST1291,ACC_CUST1291,2026-05-20T10:02:30.073010,936.7,USD,withdrawal,wire,,CH,retail
TXN00552,CUST1037,ACC_CUST1037,2026-03-30T17:02:30.073010,101.22,USD,deposit,branch,,CH,high_net_worth
TXN00553,CUST1020,ACC_CUST1020,2026-07-24T00:02:30.073010,307.12,USD,cash_deposit,atm,,JP,retail
TXN00554,CUST1256,ACC_CUST1256,2026-07-04T12:02:30.073010,35.81,USD,cash_deposit,wire,,JP,corporate
TXN00555,CUST1274,ACC_CUST1274,2026-06-04T18:02:30.073010,36.19,USD,withdrawal,atm,,US,corporate
TXN00556,CUST1040,ACC_CUST1040,2026-06-01T05:02:30.073010,158.65,USD,withdrawal,atm,,FR,corporate
TXN00557,CUST1033,ACC_CUST1033,2026-05-06T21:02:30.073010,27.9,USD,cash_deposit,online,,CH,high_net_worth
TXN00558,CUST1044,ACC_CUST1044,2026-07-24T12:02:30.073010,294.25,USD,deposit,wire,,US,retail
TXN00559,CUST1028,ACC_CUST1028,2026-05-06T20:02:30.073010,13.82,USD,withdrawal,branch,,JP,high_net_worth
TXN00560,CUST1070,ACC_CUST1070,2026-06-24T23:02:30.073010,927.39,USD,withdrawal,wire,,DE,retail
TXN00561,CUST1267,ACC_CUST1267,2026-06-02T22:02:30.073010,50.72,USD,transfer,online,ACC_CUST1190,GB,corporate
TXN00562,CUST1137,ACC_CUST1137,2026-06-29T02:02:30.073010,503.69,USD,deposit,atm,,US,retail
TXN00563,CUST1139,ACC_CUST1139,2026-06-03T01:02:30.073010,192.2,USD,transfer,branch,ACC_CUST1254,SG,high_net_worth
TXN00564,CUST1184,ACC_CUST1184,2026-04-04T14:02:30.073010,61.35,USD,withdrawal,atm,,GB,high_net_worth
TXN00565,CUST1052,ACC_CUST1052,2026-07-20T17:02:30.073010,415.02,USD,deposit,online,,US,retail
TXN00566,CUST1001,ACC_CUST1001,2026-04-01T23:02:30.073010,201.46,USD,withdrawal,branch,,JP,retail
TXN00567,CUST1196,ACC_CUST1196,2026-07-23T03:02:30.073010,251.47,USD,withdrawal,branch,,GB,retail
TXN00568,CUST1214,ACC_CUST1214,2026-04-25T09:02:30.073010,752.56,USD,withdrawal,wire,,JP,retail
TXN00569,CUST1163,ACC_CUST1163,2026-05-01T01:02:30.073010,345.64,USD,transfer,branch,ACC_CUST1257,US,high_net_worth
TXN00570,CUST1026,ACC_CUST1026,2026-04-19T06:02:30.073010,31.43,USD,deposit,wire,,DE,high_net_worth
TXN00571,CUST1238,ACC_CUST1238,2026-07-16T08:02:30.073010,251.62,USD,transfer,atm,ACC_CUST1044,DE,retail
TXN00572,CUST1004,ACC_CUST1004,2026-05-14T05:02:30.073010,197.05,USD,transfer,atm,ACC_CUST1124,SG,corporate
TXN00573,CUST1252,ACC_CUST1252,2026-07-04T05:02:30.073010,11.92,USD,withdrawal,online,,FR,corporate
TXN00574,CUST1209,ACC_CUST1209,2026-03-31T06:02:30.073010,10.44,USD,transfer,branch,ACC_CUST1171,FR,retail
TXN00575,CUST1192,ACC_CUST1192,2026-07-14T22:02:30.073010,236.39,USD,transfer,branch,ACC_CUST1105,GB,high_net_worth
TXN00576,CUST1121,ACC_CUST1121,2026-05-20T14:02:30.073010,383.08,USD,deposit,online,,CH,high_net_worth
TXN00577,CUST1047,ACC_CUST1047,2026-04-02T06:02:30.073010,194.0,USD,cash_deposit,atm,,SG,retail
TXN00578,CUST1043,ACC_CUST1043,2026-06-10T02:02:30.073010,33.33,USD,withdrawal,wire,,FR,corporate
TXN00579,CUST1290,ACC_CUST1290,2026-04-04T12:02:30.073010,113.46,USD,withdrawal,online,,US,retail
TXN00580,CUST1161,ACC_CUST1161,2026-07-24T11:02:30.073010,105.22,USD,transfer,atm,ACC_CUST1231,GB,retail
TXN00581,CUST1038,ACC_CUST1038,2026-04-22T03:02:30.073010,43.5,USD,deposit,online,,CH,corporate
TXN00582,CUST1230,ACC_CUST1230,2026-05-26T09:02:30.073010,240.31,USD,cash_deposit,branch,,FR,corporate
TXN00583,CUST1106,ACC_CUST1106,2026-05-24T08:02:30.073010,584.14,USD,cash_deposit,atm,,US,retail
TXN00584,CUST1046,ACC_CUST1046,2026-04-17T20:02:30.073010,552.23,USD,transfer,branch,ACC_CUST1110,CH,corporate
TXN00585,CUST1167,ACC_CUST1167,2026-04-15T01:02:30.073010,161.38,USD,withdrawal,atm,,CH,retail
TXN00586,CUST1025,ACC_CUST1025,2026-06-22T08:02:30.073010,921.57,USD,transfer,online,ACC_CUST1015,US,retail
TXN00587,CUST1231,ACC_CUST1231,2026-06-07T22:02:30.073010,195.99,USD,withdrawal,branch,,JP,high_net_worth
TXN00588,CUST1071,ACC_CUST1071,2026-04-11T23:02:30.073010,52.03,USD,deposit,online,,US,corporate
TXN00589,CUST1205,ACC_CUST1205,2026-05-14T20:02:30.073010,758.23,USD,deposit,atm,,JP,high_net_worth
TXN00590,CUST1038,ACC_CUST1038,2026-03-30T01:02:30.073010,507.11,USD,withdrawal,wire,,CH,corporate
TXN00591,CUST1047,ACC_CUST1047,2026-07-21T09:02:30.073010,865.65,USD,deposit,branch,,SG,retail
TXN00592,CUST1025,ACC_CUST1025,2026-04-18T17:02:30.073010,215.63,USD,cash_deposit,wire,,US,retail
TXN00593,CUST1195,ACC_CUST1195,2026-06-23T12:02:30.073010,82.51,USD,withdrawal,atm,,US,retail
TXN00594,CUST1095,ACC_CUST1095,2026-05-02T07:02:30.073010,20.58,USD,cash_deposit,online,,CH,retail
TXN00595,CUST1125,ACC_CUST1125,2026-06-18T08:02:30.073010,653.11,USD,cash_deposit,wire,,CH,retail
TXN00596,CUST1245,ACC_CUST1245,2026-04-04T01:02:30.073010,173.02,USD,transfer,wire,ACC_CUST1070,JP,retail
TXN00597,CUST1269,ACC_CUST1269,2026-04-28T19:02:30.073010,466.86,USD,deposit,wire,,US,retail
TXN00598,CUST1183,ACC_CUST1183,2026-05-28T16:02:30.073010,741.44,USD,cash_deposit,atm,,JP,high_net_worth
TXN00599,CUST1257,ACC_CUST1257,2026-05-08T11:02:30.073010,125.2,USD,transfer,online,ACC_CUST1013,US,high_net_worth
TXN00600,CUST1112,ACC_CUST1112,2026-03-31T07:02:30.073010,236.14,USD,deposit,wire,,GB,retail
TXN00601,CUST1299,ACC_CUST1299,2026-04-26T04:02:30.073010,330.89,USD,deposit,online,,CH,retail
TXN00602,CUST1136,ACC_CUST1136,2026-06-04T22:02:30.073010,267.19,USD,deposit,online,,US,corporate
TXN00603,CUST1198,ACC_CUST1198,2026-05-12T04:02:30.073010,279.33,USD,withdrawal,online,,CH,corporate
TXN00604,CUST1183,ACC_CUST1183,2026-07-22T17:02:30.073010,894.42,USD,deposit,atm,,JP,high_net_worth
TXN00605,CUST1288,ACC_CUST1288,2026-04-15T17:02:30.073010,244.35,USD,withdrawal,wire,,FR,retail
TXN00606,CUST1089,ACC_CUST1089,2026-05-29T00:02:30.073010,89.43,USD,deposit,branch,,GB,retail
TXN00607,CUST1112,ACC_CUST1112,2026-03-30T15:02:30.073010,130.92,USD,cash_deposit,branch,,GB,retail
TXN00608,CUST1103,ACC_CUST1103,2026-07-09T03:02:30.073010,28.42,USD,transfer,online,ACC_CUST1165,SG,retail
TXN00609,CUST1075,ACC_CUST1075,2026-06-11T21:02:30.073010,572.18,USD,withdrawal,branch,,SG,corporate
TXN00610,CUST1186,ACC_CUST1186,2026-04-06T10:02:30.073010,133.1,USD,cash_deposit,branch,,SG,retail
TXN00611,CUST1165,ACC_CUST1165,2026-04-14T04:02:30.073010,324.24,USD,cash_deposit,wire,,JP,high_net_worth
TXN00612,CUST1089,ACC_CUST1089,2026-06-26T16:02:30.073010,152.63,USD,transfer,online,ACC_CUST1089,GB,retail
TXN00613,CUST1150,ACC_CUST1150,2026-04-13T04:02:30.073010,580.65,USD,deposit,wire,,JP,retail
TXN00614,CUST1290,ACC_CUST1290,2026-04-01T04:02:30.073010,42.98,USD,transfer,online,ACC_CUST1289,US,retail
TXN00615,CUST1254,ACC_CUST1254,2026-04-15T09:02:30.073010,137.77,USD,deposit,online,,GB,high_net_worth
TXN00616,CUST1163,ACC_CUST1163,2026-04-18T19:02:30.073010,187.52,USD,deposit,atm,,US,high_net_worth
TXN00617,CUST1135,ACC_CUST1135,2026-04-23T06:02:30.073010,98.98,USD,deposit,atm,,GB,corporate
TXN00618,CUST1055,ACC_CUST1055,2026-06-27T23:02:30.073010,182.99,USD,deposit,wire,,SG,high_net_worth
TXN00619,CUST1214,ACC_CUST1214,2026-04-18T12:02:30.073010,139.8,USD,cash_deposit,wire,,JP,retail
TXN00620,CUST1192,ACC_CUST1192,2026-04-09T14:02:30.073010,190.05,USD,withdrawal,online,,GB,high_net_worth
TXN00621,CUST1017,ACC_CUST1017,2026-05-03T23:02:30.073010,33.13,USD,transfer,atm,ACC_CUST1053,DE,retail
TXN00622,CUST1087,ACC_CUST1087,2026-07-19T11:02:30.073010,247.59,USD,withdrawal,branch,,CH,high_net_worth
TXN00623,CUST1047,ACC_CUST1047,2026-05-10T18:02:30.073010,179.33,USD,cash_deposit,branch,,SG,retail
TXN00624,CUST1084,ACC_CUST1084,2026-06-13T12:02:30.073010,42.03,USD,withdrawal,branch,,GB,high_net_worth
TXN00625,CUST1105,ACC_CUST1105,2026-04-21T12:02:30.073010,91.36,USD,transfer,atm,ACC_CUST1152,US,corporate
TXN00626,CUST1025,ACC_CUST1025,2026-05-17T17:02:30.073010,26.81,USD,cash_deposit,online,,US,retail
TXN00627,CUST1001,ACC_CUST1001,2026-05-21T01:02:30.073010,40.61,USD,transfer,wire,ACC_CUST1102,JP,retail
TXN00628,CUST1105,ACC_CUST1105,2026-04-18T19:02:30.073010,566.93,USD,transfer,branch,ACC_CUST1242,US,corporate
TXN00629,CUST1157,ACC_CUST1157,2026-07-06T11:02:30.073010,685.79,USD,cash_deposit,wire,,US,high_net_worth
TXN00630,CUST1135,ACC_CUST1135,2026-04-08T19:02:30.073010,149.1,USD,cash_deposit,online,,GB,corporate
TXN00631,CUST1195,ACC_CUST1195,2026-05-14T04:02:30.073010,101.67,USD,cash_deposit,branch,,US,retail
TXN00632,CUST1238,ACC_CUST1238,2026-04-30T06:02:30.073010,428.58,USD,transfer,branch,ACC_CUST1077,DE,retail
TXN00633,CUST1049,ACC_CUST1049,2026-04-07T20:02:30.073010,251.96,USD,transfer,wire,ACC_CUST1116,CH,corporate
TXN00634,CUST1198,ACC_CUST1198,2026-07-10T15:02:30.073010,265.09,USD,cash_deposit,wire,,CH,corporate
TXN00635,CUST1120,ACC_CUST1120,2026-05-27T08:02:30.073010,709.23,USD,deposit,wire,,SG,corporate
TXN00636,CUST1017,ACC_CUST1017,2026-05-31T17:02:30.073010,904.28,USD,withdrawal,branch,,DE,retail
TXN00637,CUST1229,ACC_CUST1229,2026-04-19T04:02:30.073010,50.47,USD,withdrawal,online,,GB,corporate
TXN00638,CUST1216,ACC_CUST1216,2026-04-07T20:02:30.073010,1780.95,USD,cash_deposit,online,,DE,high_net_worth
TXN00639,CUST1075,ACC_CUST1075,2026-07-12T18:02:30.073010,37.31,USD,transfer,atm,ACC_CUST1034,SG,corporate
TXN00640,CUST1284,ACC_CUST1284,2026-05-17T16:02:30.073010,193.83,USD,transfer,atm,ACC_CUST1266,SG,retail
TXN00641,CUST1006,ACC_CUST1006,2026-07-06T21:02:30.073010,170.56,USD,cash_deposit,branch,,US,retail
TXN00642,CUST1075,ACC_CUST1075,2026-06-08T17:02:30.073010,258.13,USD,deposit,branch,,SG,corporate
TXN00643,CUST1051,ACC_CUST1051,2026-07-06T08:02:30.073010,154.89,USD,transfer,wire,ACC_CUST1135,US,corporate
TXN00644,CUST1248,ACC_CUST1248,2026-06-09T18:02:30.073010,66.7,USD,cash_deposit,branch,,FR,retail
TXN00645,CUST1206,ACC_CUST1206,2026-04-15T18:02:30.073010,161.15,USD,cash_deposit,branch,,DE,corporate
TXN00646,CUST1169,ACC_CUST1169,2026-06-24T06:02:30.073010,770.87,USD,deposit,wire,,FR,corporate
TXN00647,CUST1190,ACC_CUST1190,2026-03-30T09:02:30.073010,565.16,USD,transfer,atm,ACC_CUST1143,US,high_net_worth
TXN00648,CUST1050,ACC_CUST1050,2026-07-17T06:02:30.073010,1107.44,USD,withdrawal,atm,,GB,high_net_worth
TXN00649,CUST1226,ACC_CUST1226,2026-07-05T09:02:30.073010,72.45,USD,transfer,wire,ACC_CUST1045,CH,corporate
TXN00650,CUST1108,ACC_CUST1108,2026-07-22T12:02:30.073010,526.14,USD,cash_deposit,atm,,FR,retail
TXN00651,CUST1263,ACC_CUST1263,2026-07-07T04:02:30.073010,380.92,USD,deposit,atm,,DE,high_net_worth
TXN00652,CUST1206,ACC_CUST1206,2026-04-14T15:02:30.073010,74.24,USD,deposit,online,,DE,corporate
TXN00653,CUST1102,ACC_CUST1102,2026-07-13T00:02:30.073010,192.89,USD,withdrawal,branch,,DE,high_net_worth
TXN00654,CUST1184,ACC_CUST1184,2026-06-26T05:02:30.073010,221.04,USD,transfer,atm,ACC_CUST1237,GB,high_net_worth
TXN00655,CUST1063,ACC_CUST1063,2026-06-22T23:02:30.073010,211.29,USD,withdrawal,atm,,FR,corporate
TXN00656,CUST1228,ACC_CUST1228,2026-04-19T14:02:30.073010,555.41,USD,transfer,atm,ACC_CUST1083,FR,high_net_worth
TXN00657,CUST1132,ACC_CUST1132,2026-07-01T21:02:30.073010,18.35,USD,deposit,atm,,CH,high_net_worth
TXN00658,CUST1025,ACC_CUST1025,2026-04-17T17:02:30.073010,322.71,USD,withdrawal,online,,US,retail
TXN00659,CUST1105,ACC_CUST1105,2026-05-01T19:02:30.073010,609.92,USD,cash_deposit,branch,,US,corporate
TXN00660,CUST1004,ACC_CUST1004,2026-05-27T03:02:30.073010,85.99,USD,withdrawal,branch,,SG,corporate
TXN00661,CUST1156,ACC_CUST1156,2026-06-27T21:02:30.073010,582.33,USD,transfer,wire,ACC_CUST1192,US,corporate
TXN00662,CUST1235,ACC_CUST1235,2026-04-29T05:02:30.073010,349.21,USD,cash_deposit,atm,,JP,retail
TXN00663,CUST1203,ACC_CUST1203,2026-06-10T02:02:30.073010,257.29,USD,deposit,atm,,JP,retail
TXN00664,CUST1144,ACC_CUST1144,2026-05-05T20:02:30.073010,29.79,USD,deposit,wire,,FR,retail
TXN00665,CUST1141,ACC_CUST1141,2026-06-17T09:02:30.073010,72.61,USD,transfer,atm,ACC_CUST1152,GB,retail
TXN00666,CUST1264,ACC_CUST1264,2026-07-03T06:02:30.073010,334.11,USD,deposit,wire,,CH,high_net_worth
TXN00667,CUST1071,ACC_CUST1071,2026-06-27T23:02:30.073010,100.1,USD,cash_deposit,atm,,US,corporate
TXN00668,CUST1214,ACC_CUST1214,2026-05-18T11:02:30.073010,136.1,USD,deposit,online,,JP,retail
TXN00669,CUST1113,ACC_CUST1113,2026-06-23T16:02:30.073010,222.37,USD,cash_deposit,atm,,US,retail
TXN00670,CUST1087,ACC_CUST1087,2026-07-13T20:02:30.073010,40.81,USD,withdrawal,atm,,CH,high_net_worth
TXN00671,CUST1065,ACC_CUST1065,2026-06-30T07:02:30.073010,328.77,USD,withdrawal,atm,,SG,retail
TXN00672,CUST1113,ACC_CUST1113,2026-05-12T06:02:30.073010,149.41,USD,transfer,wire,ACC_CUST1169,US,retail
TXN00673,CUST1299,ACC_CUST1299,2026-05-04T13:02:30.073010,26.55,USD,deposit,wire,,CH,retail
TXN00674,CUST1298,ACC_CUST1298,2026-06-10T18:02:30.073010,670.62,USD,deposit,wire,,CH,corporate
TXN00675,CUST1256,ACC_CUST1256,2026-04-12T20:02:30.073010,169.87,USD,cash_deposit,atm,,JP,corporate
TXN00676,CUST1077,ACC_CUST1077,2026-04-14T05:02:30.073010,680.04,USD,transfer,wire,ACC_CUST1291,SG,corporate
TXN00677,CUST1234,ACC_CUST1234,2026-04-15T09:02:30.073010,210.58,USD,withdrawal,branch,,DE,retail
TXN00678,CUST1090,ACC_CUST1090,2026-05-07T19:02:30.073010,190.47,USD,deposit,branch,,FR,high_net_worth
TXN00679,CUST1107,ACC_CUST1107,2026-07-03T04:02:30.073010,471.43,USD,withdrawal,wire,,SG,retail
TXN00680,CUST1045,ACC_CUST1045,2026-04-13T18:02:30.073010,164.95,USD,cash_deposit,wire,,SG,retail
TXN00681,CUST1244,ACC_CUST1244,2026-05-15T23:02:30.073010,403.53,USD,deposit,online,,GB,retail
TXN00682,CUST1007,ACC_CUST1007,2026-07-20T09:02:30.073010,348.8,USD,withdrawal,branch,,CH,retail
TXN00683,CUST1127,ACC_CUST1127,2026-04-25T21:02:30.073010,42.51,USD,transfer,atm,ACC_CUST1066,US,high_net_worth
TXN00684,CUST1257,ACC_CUST1257,2026-06-11T08:02:30.073010,530.92,USD,withdrawal,branch,,US,high_net_worth
TXN00685,CUST1152,ACC_CUST1152,2026-05-04T13:02:30.073010,135.9,USD,transfer,wire,ACC_CUST1068,SG,corporate
TXN00686,CUST1250,ACC_CUST1250,2026-05-12T05:02:30.073010,15.79,USD,withdrawal,wire,,US,retail
TXN00687,CUST1114,ACC_CUST1114,2026-06-29T03:02:30.073010,277.25,USD,withdrawal,branch,,FR,high_net_worth
TXN00688,CUST1086,ACC_CUST1086,2026-04-12T10:02:30.073010,637.56,USD,deposit,wire,,FR,high_net_worth
TXN00689,CUST1130,ACC_CUST1130,2026-07-04T16:02:30.073010,335.39,USD,deposit,branch,,SG,corporate
TXN00690,CUST1010,ACC_CUST1010,2026-04-03T21:02:30.073010,186.27,USD,deposit,wire,,US,high_net_worth
TXN00691,CUST1063,ACC_CUST1063,2026-06-06T07:02:30.073010,79.01,USD,cash_deposit,online,,FR,corporate
TXN00692,CUST1004,ACC_CUST1004,2026-05-05T12:02:30.073010,302.49,USD,deposit,atm,,SG,corporate
TXN00693,CUST1070,ACC_CUST1070,2026-05-20T02:02:30.073010,46.32,USD,deposit,atm,,DE,retail
TXN00694,CUST1054,ACC_CUST1054,2026-05-30T05:02:30.073010,544.24,USD,withdrawal,atm,,DE,corporate
TXN00695,CUST1103,ACC_CUST1103,2026-05-12T21:02:30.073010,62.44,USD,cash_deposit,atm,,SG,retail
TXN00696,CUST1280,ACC_CUST1280,2026-05-30T05:02:30.073010,90.17,USD,cash_deposit,atm,,JP,high_net_worth
TXN00697,CUST1006,ACC_CUST1006,2026-06-21T01:02:30.073010,58.45,USD,deposit,wire,,US,retail
TXN00698,CUST1046,ACC_CUST1046,2026-07-05T15:02:30.073010,715.47,USD,deposit,branch,,CH,corporate
TXN00699,CUST1118,ACC_CUST1118,2026-05-25T08:02:30.073010,41.54,USD,transfer,wire,ACC_CUST1025,DE,high_net_worth
TXN00700,CUST1089,ACC_CUST1089,2026-07-17T00:02:30.073010,176.54,USD,transfer,atm,ACC_CUST1160,GB,retail
TXN00701,CUST1059,ACC_CUST1059,2026-04-09T00:02:30.073010,336.62,USD,deposit,online,,US,high_net_worth
TXN00702,CUST1087,ACC_CUST1087,2026-05-09T10:02:30.073010,642.29,USD,cash_deposit,atm,,CH,high_net_worth
TXN00703,CUST1047,ACC_CUST1047,2026-05-14T09:02:30.073010,163.64,USD,withdrawal,branch,,SG,retail
TXN00704,CUST1233,ACC_CUST1233,2026-05-01T11:02:30.073010,323.96,USD,cash_deposit,wire,,US,retail
TXN00705,CUST1085,ACC_CUST1085,2026-04-11T03:02:30.073010,42.85,USD,deposit,online,,GB,corporate
TXN00706,CUST1247,ACC_CUST1247,2026-07-08T17:02:30.073010,293.5,USD,cash_deposit,online,,JP,high_net_worth
TXN00707,CUST1183,ACC_CUST1183,2026-06-13T23:02:30.073010,769.21,USD,withdrawal,wire,,JP,high_net_worth
TXN00708,CUST1057,ACC_CUST1057,2026-07-19T12:02:30.073010,29.63,USD,cash_deposit,branch,,SG,corporate
TXN00709,CUST1160,ACC_CUST1160,2026-03-29T21:02:30.073010,229.63,USD,withdrawal,atm,,JP,high_net_worth
TXN00710,CUST1048,ACC_CUST1048,2026-05-22T20:02:30.073010,137.28,USD,withdrawal,wire,,US,corporate
TXN00711,CUST1197,ACC_CUST1197,2026-04-16T16:02:30.073010,319.34,USD,deposit,branch,,FR,corporate
TXN00712,CUST1080,ACC_CUST1080,2026-05-31T14:02:30.073010,33.34,USD,cash_deposit,online,,CH,retail
TXN00713,CUST1251,ACC_CUST1251,2026-05-08T06:02:30.073010,222.13,USD,transfer,atm,ACC_CUST1025,CH,retail
TXN00714,CUST1281,ACC_CUST1281,2026-06-18T11:02:30.073010,34.63,USD,cash_deposit,online,,GB,high_net_worth
TXN00715,CUST1227,ACC_CUST1227,2026-07-08T17:02:30.073010,592.61,USD,cash_deposit,branch,,JP,high_net_worth
TXN00716,CUST1228,ACC_CUST1228,2026-05-07T02:02:30.073010,42.49,USD,cash_deposit,branch,,FR,high_net_worth
TXN00717,CUST1211,ACC_CUST1211,2026-04-01T16:02:30.073010,480.75,USD,deposit,branch,,JP,high_net_worth
TXN00718,CUST1155,ACC_CUST1155,2026-07-19T15:02:30.073010,910.86,USD,withdrawal,wire,,JP,high_net_worth
TXN00719,CUST1186,ACC_CUST1186,2026-07-11T00:02:30.073010,131.03,USD,withdrawal,wire,,SG,retail
TXN00720,CUST1242,ACC_CUST1242,2026-06-27T20:02:30.073010,40.76,USD,transfer,wire,ACC_CUST1058,DE,high_net_worth
TXN00721,CUST1113,ACC_CUST1113,2026-03-28T09:02:30.073010,231.43,USD,transfer,atm,ACC_CUST1280,US,retail
TXN00722,CUST1054,ACC_CUST1054,2026-04-02T04:02:30.073010,527.52,USD,cash_deposit,online,,DE,corporate
TXN00723,CUST1209,ACC_CUST1209,2026-04-10T07:02:30.073010,48.6,USD,withdrawal,online,,FR,retail
TXN00724,CUST1201,ACC_CUST1201,2026-04-24T13:02:30.073010,44.21,USD,withdrawal,atm,,US,retail
TXN00725,CUST1212,ACC_CUST1212,2026-04-02T19:02:30.073010,193.41,USD,deposit,wire,,FR,corporate
TXN00726,CUST1258,ACC_CUST1258,2026-04-14T14:02:30.073010,251.71,USD,deposit,branch,,JP,corporate
TXN00727,CUST1221,ACC_CUST1221,2026-07-13T17:02:30.073010,363.12,USD,cash_deposit,online,,JP,high_net_worth
TXN00728,CUST1088,ACC_CUST1088,2026-06-29T03:02:30.073010,331.46,USD,deposit,wire,,CH,high_net_worth
TXN00729,CUST1164,ACC_CUST1164,2026-05-31T11:02:30.073010,105.89,USD,cash_deposit,online,,GB,corporate
TXN00730,CUST1175,ACC_CUST1175,2026-05-04T13:02:30.073010,169.69,USD,withdrawal,online,,SG,corporate
TXN00731,CUST1262,ACC_CUST1262,2026-05-05T21:02:30.073010,80.61,USD,transfer,online,ACC_CUST1102,SG,high_net_worth
TXN00732,CUST1148,ACC_CUST1148,2026-06-23T10:02:30.073010,220.29,USD,withdrawal,online,,CH,corporate
TXN00733,CUST1165,ACC_CUST1165,2026-06-26T02:02:30.073010,263.64,USD,transfer,wire,ACC_CUST1298,JP,high_net_worth
TXN00734,CUST1213,ACC_CUST1213,2026-06-22T22:02:30.073010,231.9,USD,transfer,wire,ACC_CUST1006,JP,high_net_worth
TXN00735,CUST1012,ACC_CUST1012,2026-05-15T03:02:30.073010,76.91,USD,deposit,branch,,JP,high_net_worth
TXN00736,CUST1082,ACC_CUST1082,2026-05-03T20:02:30.073010,361.93,USD,transfer,online,ACC_CUST1031,SG,corporate
TXN00737,CUST1151,ACC_CUST1151,2026-04-23T16:02:30.073010,514.64,USD,deposit,atm,,GB,corporate
TXN00738,CUST1052,ACC_CUST1052,2026-06-14T20:02:30.073010,91.38,USD,withdrawal,wire,,US,retail
TXN00739,CUST1147,ACC_CUST1147,2026-06-24T20:02:30.073010,157.09,USD,deposit,wire,,FR,high_net_worth
TXN00740,CUST1160,ACC_CUST1160,2026-06-06T00:02:30.073010,78.1,USD,deposit,atm,,JP,high_net_worth
TXN00741,CUST1226,ACC_CUST1226,2026-07-12T06:02:30.073010,114.52,USD,transfer,online,ACC_CUST1099,CH,corporate
TXN00742,CUST1090,ACC_CUST1090,2026-06-23T01:02:30.073010,408.5,USD,withdrawal,online,,FR,high_net_worth
TXN00743,CUST1061,ACC_CUST1061,2026-05-15T00:02:30.073010,253.98,USD,cash_deposit,atm,,US,high_net_worth
TXN00744,CUST1066,ACC_CUST1066,2026-04-17T17:02:30.073010,198.39,USD,transfer,branch,ACC_CUST1169,US,high_net_worth
TXN00745,CUST1079,ACC_CUST1079,2026-04-02T03:02:30.073010,212.33,USD,transfer,branch,ACC_CUST1154,DE,corporate
TXN00746,CUST1293,ACC_CUST1293,2026-06-06T10:02:30.073010,233.58,USD,deposit,atm,,US,corporate
TXN00747,CUST1094,ACC_CUST1094,2026-06-02T01:02:30.073010,244.97,USD,withdrawal,wire,,CH,high_net_worth
TXN00748,CUST1206,ACC_CUST1206,2026-04-08T10:02:30.073010,336.6,USD,withdrawal,online,,DE,corporate
TXN00749,CUST1169,ACC_CUST1169,2026-05-13T08:02:30.073010,1717.95,USD,withdrawal,wire,,FR,corporate
TXN00750,CUST1004,ACC_CUST1004,2026-04-11T20:02:30.073010,714.58,USD,transfer,wire,ACC_CUST1123,SG,corporate
TXN00751,CUST1124,ACC_CUST1124,2026-04-02T20:02:30.073010,156.27,USD,transfer,wire,ACC_CUST1058,JP,corporate
TXN00752,CUST1276,ACC_CUST1276,2026-06-28T08:02:30.073010,226.65,USD,deposit,atm,,SG,corporate
TXN00753,CUST1260,ACC_CUST1260,2026-05-24T14:02:30.073010,695.66,USD,deposit,atm,,GB,high_net_worth
TXN00754,CUST1098,ACC_CUST1098,2026-05-08T15:02:30.073010,64.96,USD,deposit,branch,,GB,corporate
TXN00755,CUST1275,ACC_CUST1275,2026-06-03T23:02:30.073010,342.9,USD,deposit,online,,US,corporate
TXN00756,CUST1109,ACC_CUST1109,2026-07-16T20:02:30.073010,79.04,USD,cash_deposit,branch,,SG,corporate
TXN00757,CUST1222,ACC_CUST1222,2026-06-18T01:02:30.073010,194.43,USD,withdrawal,branch,,DE,high_net_worth
TXN00758,CUST1169,ACC_CUST1169,2026-04-01T01:02:30.073010,68.8,USD,deposit,branch,,FR,corporate
TXN00759,CUST1128,ACC_CUST1128,2026-06-07T01:02:30.073010,167.09,USD,withdrawal,atm,,CH,high_net_worth
TXN00760,CUST1230,ACC_CUST1230,2026-06-16T11:02:30.073010,15.11,USD,cash_deposit,atm,,FR,corporate
TXN00761,CUST1060,ACC_CUST1060,2026-06-03T23:02:30.073010,372.08,USD,deposit,branch,,SG,corporate
TXN00762,CUST1037,ACC_CUST1037,2026-05-12T15:02:30.073010,473.79,USD,deposit,atm,,CH,high_net_worth
TXN00763,CUST1154,ACC_CUST1154,2026-06-13T01:02:30.073010,160.81,USD,transfer,wire,ACC_CUST1195,GB,corporate
TXN00764,CUST1015,ACC_CUST1015,2026-05-27T04:02:30.073010,422.02,USD,withdrawal,online,,FR,corporate
TXN00765,CUST1279,ACC_CUST1279,2026-05-04T19:02:30.073010,349.3,USD,withdrawal,atm,,CH,retail
TXN00766,CUST1191,ACC_CUST1191,2026-03-29T16:02:30.073010,22.8,USD,withdrawal,branch,,GB,retail
TXN00767,CUST1293,ACC_CUST1293,2026-06-12T11:02:30.073010,80.74,USD,deposit,atm,,US,corporate
TXN00768,CUST1176,ACC_CUST1176,2026-04-24T12:02:30.073010,71.0,USD,withdrawal,online,,US,high_net_worth
TXN00769,CUST1129,ACC_CUST1129,2026-04-21T02:02:30.073010,581.92,USD,withdrawal,branch,,JP,high_net_worth
TXN00770,CUST1281,ACC_CUST1281,2026-05-26T19:02:30.073010,344.13,USD,deposit,atm,,GB,high_net_worth
TXN00771,CUST1128,ACC_CUST1128,2026-04-09T05:02:30.073010,142.55,USD,cash_deposit,atm,,CH,high_net_worth
TXN00772,CUST1120,ACC_CUST1120,2026-04-09T08:02:30.073010,124.72,USD,deposit,online,,SG,corporate
TXN00773,CUST1230,ACC_CUST1230,2026-05-09T18:02:30.073010,261.01,USD,transfer,online,ACC_CUST1289,FR,corporate
TXN00774,CUST1161,ACC_CUST1161,2026-05-21T04:02:30.073010,94.78,USD,deposit,atm,,GB,retail
TXN00775,CUST1113,ACC_CUST1113,2026-06-27T22:02:30.073010,559.98,USD,cash_deposit,atm,,US,retail
TXN00776,CUST1068,ACC_CUST1068,2026-06-22T22:02:30.073010,186.83,USD,transfer,wire,ACC_CUST1236,JP,retail
TXN00777,CUST1156,ACC_CUST1156,2026-05-29T16:02:30.073010,321.16,USD,deposit,online,,US,corporate
TXN00778,CUST1041,ACC_CUST1041,2026-07-13T07:02:30.073010,101.65,USD,withdrawal,online,,FR,retail
TXN00779,CUST1039,ACC_CUST1039,2026-06-29T01:02:30.073010,512.42,USD,deposit,branch,,DE,corporate
TXN00780,CUST1296,ACC_CUST1296,2026-05-18T17:02:30.073010,250.62,USD,withdrawal,branch,,SG,retail
TXN00781,CUST1278,ACC_CUST1278,2026-07-20T16:02:30.073010,146.63,USD,cash_deposit,online,,GB,high_net_worth
TXN00782,CUST1114,ACC_CUST1114,2026-07-20T17:02:30.073010,218.62,USD,transfer,online,ACC_CUST1237,FR,high_net_worth
TXN00783,CUST1046,ACC_CUST1046,2026-05-17T10:02:30.073010,575.13,USD,deposit,online,,CH,corporate
TXN00784,CUST1084,ACC_CUST1084,2026-07-02T15:02:30.073010,62.03,USD,withdrawal,wire,,GB,high_net_worth
TXN00785,CUST1289,ACC_CUST1289,2026-06-08T20:02:30.073010,849.93,USD,withdrawal,wire,,GB,retail
TXN00786,CUST1020,ACC_CUST1020,2026-04-25T14:02:30.073010,102.1,USD,withdrawal,branch,,JP,retail
TXN00787,CUST1119,ACC_CUST1119,2026-04-02T20:02:30.073010,157.35,USD,withdrawal,atm,,JP,corporate
TXN00788,CUST1232,ACC_CUST1232,2026-07-18T00:02:30.073010,42.69,USD,deposit,atm,,CH,corporate
TXN00789,CUST1266,ACC_CUST1266,2026-06-17T07:02:30.073010,328.11,USD,transfer,online,ACC_CUST1192,SG,retail
TXN00790,CUST1187,ACC_CUST1187,2026-06-11T19:02:30.073010,151.64,USD,deposit,atm,,FR,corporate
TXN00791,CUST1114,ACC_CUST1114,2026-06-02T11:02:30.073010,482.01,USD,transfer,atm,ACC_CUST1249,FR,high_net_worth
TXN00792,CUST1003,ACC_CUST1003,2026-05-31T03:02:30.073010,88.41,USD,cash_deposit,online,,JP,high_net_worth
TXN00793,CUST1263,ACC_CUST1263,2026-06-18T07:02:30.073010,72.07,USD,withdrawal,online,,DE,high_net_worth
TXN00794,CUST1185,ACC_CUST1185,2026-06-13T21:02:30.073010,170.64,USD,deposit,online,,SG,retail
TXN00795,CUST1169,ACC_CUST1169,2026-06-28T02:02:30.073010,205.61,USD,cash_deposit,wire,,FR,corporate
TXN00796,CUST1082,ACC_CUST1082,2026-06-18T12:02:30.073010,23.23,USD,deposit,online,,SG,corporate
TXN00797,CUST1293,ACC_CUST1293,2026-06-11T04:02:30.073010,674.37,USD,withdrawal,branch,,US,corporate
TXN00798,CUST1075,ACC_CUST1075,2026-04-04T04:02:30.073010,962.73,USD,transfer,online,ACC_CUST1264,SG,corporate
TXN00799,CUST1288,ACC_CUST1288,2026-06-16T23:02:30.073010,188.92,USD,transfer,branch,ACC_CUST1110,FR,retail
TXN00800,CUST1241,ACC_CUST1241,2026-07-17T14:02:30.073010,542.23,USD,withdrawal,online,,JP,retail
TXN00801,CUST1073,ACC_CUST1073,2026-07-07T17:02:30.073010,65.08,USD,withdrawal,atm,,FR,retail
TXN00802,CUST1175,ACC_CUST1175,2026-07-24T13:02:30.073010,152.55,USD,deposit,online,,SG,corporate
TXN00803,CUST1067,ACC_CUST1067,2026-04-09T23:02:30.073010,535.5,USD,withdrawal,wire,,CH,retail
TXN00804,CUST1049,ACC_CUST1049,2026-04-19T14:02:30.073010,39.35,USD,deposit,branch,,CH,corporate
TXN00805,CUST1066,ACC_CUST1066,2026-07-21T18:02:30.073010,231.47,USD,deposit,wire,,US,high_net_worth
TXN00806,CUST1189,ACC_CUST1189,2026-07-17T00:02:30.073010,846.23,USD,cash_deposit,online,,FR,high_net_worth
TXN00807,CUST1246,ACC_CUST1246,2026-07-07T11:02:30.073010,53.12,USD,transfer,branch,ACC_CUST1217,JP,high_net_worth
TXN00808,CUST1244,ACC_CUST1244,2026-07-04T06:02:30.073010,283.61,USD,deposit,atm,,GB,retail
TXN00809,CUST1278,ACC_CUST1278,2026-05-19T07:02:30.073010,380.48,USD,withdrawal,branch,,GB,high_net_worth
TXN00810,CUST1003,ACC_CUST1003,2026-06-09T15:02:30.073010,151.02,USD,deposit,branch,,JP,high_net_worth
TXN00811,CUST1105,ACC_CUST1105,2026-06-24T09:02:30.073010,43.81,USD,cash_deposit,atm,,US,corporate
TXN00812,CUST1218,ACC_CUST1218,2026-06-19T17:02:30.073010,175.27,USD,transfer,atm,ACC_CUST1274,FR,corporate
TXN00813,CUST1187,ACC_CUST1187,2026-06-14T07:02:30.073010,169.94,USD,cash_deposit,online,,FR,corporate
TXN00814,CUST1285,ACC_CUST1285,2026-05-28T04:02:30.073010,1349.84,USD,transfer,wire,ACC_CUST1129,US,corporate
TXN00815,CUST1295,ACC_CUST1295,2026-05-11T21:02:30.073010,589.3,USD,cash_deposit,online,,JP,corporate
TXN00816,CUST1060,ACC_CUST1060,2026-07-01T06:02:30.073010,41.7,USD,cash_deposit,online,,SG,corporate
TXN00817,CUST1260,ACC_CUST1260,2026-05-18T09:02:30.073010,157.85,USD,deposit,online,,GB,high_net_worth
TXN00818,CUST1002,ACC_CUST1002,2026-07-08T01:02:30.073010,790.55,USD,withdrawal,wire,,JP,retail
TXN00819,CUST1222,ACC_CUST1222,2026-04-08T01:02:30.073010,35.03,USD,transfer,online,ACC_CUST1189,DE,high_net_worth
TXN00820,CUST1019,ACC_CUST1019,2026-06-28T11:02:30.073010,383.03,USD,cash_deposit,atm,,FR,retail
TXN00821,CUST1029,ACC_CUST1029,2026-07-05T04:02:30.073010,13.23,USD,cash_deposit,wire,,JP,high_net_worth
TXN00822,CUST1265,ACC_CUST1265,2026-05-03T05:02:30.073010,296.5,USD,deposit,online,,JP,corporate
TXN00823,CUST1018,ACC_CUST1018,2026-05-13T06:02:30.073010,37.25,USD,deposit,online,,DE,retail
TXN00824,CUST1141,ACC_CUST1141,2026-07-05T11:02:30.073010,274.62,USD,transfer,wire,ACC_CUST1207,GB,retail
TXN00825,CUST1265,ACC_CUST1265,2026-03-29T22:02:30.073010,249.28,USD,deposit,branch,,JP,corporate
TXN00826,CUST1286,ACC_CUST1286,2026-07-23T17:02:30.073010,86.97,USD,transfer,atm,ACC_CUST1141,DE,high_net_worth
TXN00827,CUST1099,ACC_CUST1099,2026-05-25T11:02:30.073010,67.72,USD,deposit,atm,,JP,corporate
TXN00828,CUST1259,ACC_CUST1259,2026-04-10T16:02:30.073010,134.64,USD,deposit,atm,,GB,retail
TXN00829,CUST1059,ACC_CUST1059,2026-07-08T15:02:30.073010,1024.91,USD,transfer,atm,ACC_CUST1226,US,high_net_worth
TXN00830,CUST1288,ACC_CUST1288,2026-05-28T06:02:30.073010,690.52,USD,transfer,wire,ACC_CUST1235,FR,retail
TXN00831,CUST1014,ACC_CUST1014,2026-05-28T02:02:30.073010,311.26,USD,transfer,branch,ACC_CUST1195,FR,high_net_worth
TXN00832,CUST1112,ACC_CUST1112,2026-06-22T21:02:30.073010,169.53,USD,withdrawal,atm,,GB,retail
TXN00833,CUST1180,ACC_CUST1180,2026-06-02T16:02:30.073010,95.61,USD,deposit,atm,,FR,high_net_worth
TXN00834,CUST1047,ACC_CUST1047,2026-05-18T20:02:30.073010,813.82,USD,transfer,branch,ACC_CUST1283,SG,retail
TXN00835,CUST1243,ACC_CUST1243,2026-05-07T10:02:30.073010,70.56,USD,withdrawal,atm,,GB,retail
TXN00836,CUST1097,ACC_CUST1097,2026-05-30T22:02:30.073010,408.89,USD,withdrawal,online,,DE,corporate
TXN00837,CUST1135,ACC_CUST1135,2026-04-23T06:02:30.073010,552.98,USD,withdrawal,online,,GB,corporate
TXN00838,CUST1182,ACC_CUST1182,2026-04-16T02:02:30.073010,347.93,USD,deposit,branch,,US,high_net_worth
TXN00839,CUST1252,ACC_CUST1252,2026-06-13T23:02:30.073010,149.18,USD,deposit,wire,,FR,corporate
TXN00840,CUST1161,ACC_CUST1161,2026-05-30T17:02:30.073010,1258.04,USD,transfer,wire,ACC_CUST1093,GB,retail
TXN00841,CUST1261,ACC_CUST1261,2026-05-02T11:02:30.073010,26.7,USD,withdrawal,online,,CH,retail
TXN00842,CUST1216,ACC_CUST1216,2026-05-28T16:02:30.073010,160.12,USD,deposit,atm,,DE,high_net_worth
TXN00843,CUST1089,ACC_CUST1089,2026-05-25T02:02:30.073010,360.59,USD,cash_deposit,atm,,GB,retail
TXN00844,CUST1006,ACC_CUST1006,2026-06-22T05:02:30.073010,128.11,USD,cash_deposit,branch,,US,retail
TXN00845,CUST1132,ACC_CUST1132,2026-04-20T16:02:30.073010,201.23,USD,transfer,online,ACC_CUST1137,CH,high_net_worth
TXN00846,CUST1175,ACC_CUST1175,2026-05-13T04:02:30.073010,80.92,USD,cash_deposit,wire,,SG,corporate
TXN00847,CUST1190,ACC_CUST1190,2026-05-13T11:02:30.073010,264.18,USD,transfer,wire,ACC_CUST1092,US,high_net_worth
TXN00848,CUST1294,ACC_CUST1294,2026-06-23T06:02:30.073010,499.03,USD,deposit,atm,,SG,retail
TXN00849,CUST1284,ACC_CUST1284,2026-05-22T11:02:30.073010,492.89,USD,withdrawal,online,,SG,retail
TXN00850,CUST1076,ACC_CUST1076,2026-05-26T23:02:30.073010,217.7,USD,withdrawal,wire,,US,corporate
TXN00851,CUST1264,ACC_CUST1264,2026-06-04T22:02:30.073010,96.69,USD,transfer,wire,ACC_CUST1153,CH,high_net_worth
TXN00852,CUST1290,ACC_CUST1290,2026-04-03T11:02:30.073010,28.57,USD,deposit,online,,US,retail
TXN00853,CUST1130,ACC_CUST1130,2026-05-27T19:02:30.073010,419.47,USD,deposit,wire,,SG,corporate
TXN00854,CUST1133,ACC_CUST1133,2026-05-13T10:02:30.073010,169.19,USD,transfer,atm,ACC_CUST1010,US,corporate
TXN00855,CUST1179,ACC_CUST1179,2026-07-17T20:02:30.073010,1174.35,USD,withdrawal,online,,CH,retail
TXN00856,CUST1145,ACC_CUST1145,2026-05-12T09:02:30.073010,671.18,USD,cash_deposit,wire,,CH,high_net_worth
TXN00857,CUST1195,ACC_CUST1195,2026-06-14T08:02:30.073010,618.07,USD,cash_deposit,online,,US,retail
TXN00858,CUST1172,ACC_CUST1172,2026-05-20T19:02:30.073010,34.73,USD,cash_deposit,branch,,SG,retail
TXN00859,CUST1175,ACC_CUST1175,2026-04-26T09:02:30.073010,288.95,USD,transfer,atm,ACC_CUST1136,SG,corporate
TXN00860,CUST1202,ACC_CUST1202,2026-05-01T13:02:30.073010,64.93,USD,transfer,wire,ACC_CUST1211,GB,high_net_worth
TXN00861,CUST1011,ACC_CUST1011,2026-04-13T22:02:30.073010,856.22,USD,withdrawal,atm,,US,high_net_worth
TXN00862,CUST1040,ACC_CUST1040,2026-04-23T04:02:30.073010,40.13,USD,cash_deposit,branch,,FR,corporate
TXN00863,CUST1242,ACC_CUST1242,2026-06-06T00:02:30.073010,232.69,USD,deposit,wire,,DE,high_net_worth
TXN00864,CUST1042,ACC_CUST1042,2026-04-10T07:02:30.073010,329.12,USD,withdrawal,branch,,GB,retail
TXN00865,CUST1199,ACC_CUST1199,2026-05-06T06:02:30.073010,185.64,USD,withdrawal,atm,,FR,retail
TXN00866,CUST1064,ACC_CUST1064,2026-04-13T15:02:30.073010,20.74,USD,withdrawal,branch,,US,high_net_worth
TXN00867,CUST1182,ACC_CUST1182,2026-07-16T09:02:30.073010,1116.44,USD,cash_deposit,wire,,US,high_net_worth
TXN00868,CUST1276,ACC_CUST1276,2026-07-25T07:02:30.073010,1057.42,USD,cash_deposit,online,,SG,corporate
TXN00869,CUST1276,ACC_CUST1276,2026-04-19T17:02:30.073010,232.36,USD,cash_deposit,wire,,SG,corporate
TXN00870,CUST1273,ACC_CUST1273,2026-05-06T10:02:30.073010,499.98,USD,cash_deposit,online,,GB,corporate
TXN00871,CUST1226,ACC_CUST1226,2026-05-06T10:02:30.073010,60.78,USD,cash_deposit,atm,,CH,corporate
TXN00872,CUST1005,ACC_CUST1005,2026-03-28T15:02:30.073010,111.38,USD,withdrawal,atm,,US,retail
TXN00873,CUST1273,ACC_CUST1273,2026-03-29T21:02:30.073010,116.84,USD,cash_deposit,wire,,GB,corporate
TXN00874,CUST1220,ACC_CUST1220,2026-07-08T08:02:30.073010,248.36,USD,withdrawal,branch,,GB,high_net_worth
TXN00875,CUST1096,ACC_CUST1096,2026-05-19T16:02:30.073010,96.26,USD,cash_deposit,wire,,GB,retail
TXN00876,CUST1199,ACC_CUST1199,2026-07-12T11:02:30.073010,34.76,USD,withdrawal,atm,,FR,retail
TXN00877,CUST1122,ACC_CUST1122,2026-06-02T18:02:30.073010,506.34,USD,transfer,atm,ACC_CUST1272,GB,corporate
TXN00878,CUST1211,ACC_CUST1211,2026-04-21T01:02:30.073010,112.58,USD,withdrawal,online,,JP,high_net_worth
TXN00879,CUST1233,ACC_CUST1233,2026-06-15T13:02:30.073010,125.98,USD,transfer,wire,ACC_CUST1096,US,retail
TXN00880,CUST1077,ACC_CUST1077,2026-04-03T16:02:30.073010,1086.25,USD,deposit,online,,SG,corporate
TXN00881,CUST1144,ACC_CUST1144,2026-05-01T03:02:30.073010,89.51,USD,cash_deposit,branch,,FR,retail
TXN00882,CUST1077,ACC_CUST1077,2026-03-29T14:02:30.073010,173.54,USD,withdrawal,atm,,SG,corporate
TXN00883,CUST1255,ACC_CUST1255,2026-05-14T13:02:30.073010,35.09,USD,deposit,atm,,GB,retail
TXN00884,CUST1074,ACC_CUST1074,2026-04-04T07:02:30.073010,245.05,USD,cash_deposit,branch,,SG,retail
TXN00885,CUST1092,ACC_CUST1092,2026-04-21T07:02:30.073010,49.02,USD,cash_deposit,branch,,DE,retail
TXN00886,CUST1127,ACC_CUST1127,2026-05-16T13:02:30.073010,76.64,USD,withdrawal,branch,,US,high_net_worth
TXN00887,CUST1048,ACC_CUST1048,2026-06-02T20:02:30.073010,157.86,USD,withdrawal,wire,,US,corporate
TXN00888,CUST1159,ACC_CUST1159,2026-07-25T09:02:30.073010,419.62,USD,withdrawal,branch,,DE,high_net_worth
TXN00889,CUST1281,ACC_CUST1281,2026-06-02T02:02:30.073010,76.46,USD,transfer,wire,ACC_CUST1152,GB,high_net_worth
TXN00890,CUST1026,ACC_CUST1026,2026-07-16T20:02:30.073010,90.74,USD,withdrawal,branch,,DE,high_net_worth
TXN00891,CUST1222,ACC_CUST1222,2026-05-07T23:02:30.073010,273.62,USD,withdrawal,atm,,DE,high_net_worth
TXN00892,CUST1202,ACC_CUST1202,2026-07-07T06:02:30.073010,271.02,USD,deposit,branch,,GB,high_net_worth
TXN00893,CUST1243,ACC_CUST1243,2026-06-24T18:02:30.073010,451.94,USD,withdrawal,atm,,GB,retail
TXN00894,CUST1127,ACC_CUST1127,2026-04-17T14:02:30.073010,811.44,USD,deposit,atm,,US,high_net_worth
TXN00895,CUST1030,ACC_CUST1030,2026-04-04T10:02:30.073010,50.34,USD,withdrawal,branch,,DE,corporate
TXN00896,CUST1119,ACC_CUST1119,2026-05-07T16:02:30.073010,16.48,USD,transfer,wire,ACC_CUST1098,JP,corporate
TXN00897,CUST1193,ACC_CUST1193,2026-05-12T22:02:30.073010,696.79,USD,withdrawal,atm,,JP,corporate
TXN00898,CUST1248,ACC_CUST1248,2026-06-26T13:02:30.073010,260.9,USD,transfer,wire,ACC_CUST1097,FR,retail
TXN00899,CUST1278,ACC_CUST1278,2026-05-11T09:02:30.073010,616.72,USD,cash_deposit,atm,,GB,high_net_worth
TXN00900,CUST1283,ACC_CUST1283,2026-04-17T01:02:30.073010,115.15,USD,withdrawal,wire,,SG,retail
TXN00901,CUST1134,ACC_CUST1134,2026-06-05T10:02:30.073010,458.72,USD,cash_deposit,branch,,FR,high_net_worth
TXN00902,CUST1259,ACC_CUST1259,2026-05-15T22:02:30.073010,300.07,USD,withdrawal,branch,,GB,retail
TXN00903,CUST1186,ACC_CUST1186,2026-07-05T18:02:30.073010,392.97,USD,withdrawal,atm,,SG,retail
TXN00904,CUST1275,ACC_CUST1275,2026-07-10T11:02:30.073010,445.39,USD,withdrawal,wire,,US,corporate
TXN00905,CUST1078,ACC_CUST1078,2026-06-14T08:02:30.073010,45.12,USD,transfer,wire,ACC_CUST1164,US,high_net_worth
TXN00906,CUST1267,ACC_CUST1267,2026-06-20T01:02:30.073010,69.04,USD,deposit,online,,GB,corporate
TXN00907,CUST1016,ACC_CUST1016,2026-04-22T02:02:30.073010,41.19,USD,cash_deposit,online,,DE,retail
TXN00908,CUST1292,ACC_CUST1292,2026-06-18T11:02:30.073010,25.1,USD,cash_deposit,atm,,DE,high_net_worth
TXN00909,CUST1113,ACC_CUST1113,2026-06-13T21:02:30.073010,808.68,USD,deposit,branch,,US,retail
TXN00910,CUST1106,ACC_CUST1106,2026-06-19T14:02:30.073010,494.37,USD,deposit,wire,,US,retail
TXN00911,CUST1031,ACC_CUST1031,2026-05-13T16:02:30.073010,484.33,USD,cash_deposit,atm,,GB,retail
TXN00912,CUST1029,ACC_CUST1029,2026-07-11T18:02:30.073010,549.56,USD,transfer,branch,ACC_CUST1036,JP,high_net_worth
TXN00913,CUST1039,ACC_CUST1039,2026-04-24T15:02:30.073010,397.48,USD,deposit,branch,,DE,corporate
TXN00914,CUST1272,ACC_CUST1272,2026-05-16T05:02:30.073010,263.21,USD,withdrawal,online,,SG,high_net_worth
TXN00915,CUST1091,ACC_CUST1091,2026-06-07T22:02:30.073010,446.09,USD,cash_deposit,branch,,GB,high_net_worth
TXN00916,CUST1295,ACC_CUST1295,2026-05-12T20:02:30.073010,653.22,USD,cash_deposit,wire,,JP,corporate
TXN00917,CUST1085,ACC_CUST1085,2026-07-07T04:02:30.073010,331.47,USD,cash_deposit,atm,,GB,corporate
TXN00918,CUST1273,ACC_CUST1273,2026-06-12T13:02:30.073010,1439.0,USD,transfer,atm,ACC_CUST1281,GB,corporate
TXN00919,CUST1166,ACC_CUST1166,2026-07-14T10:02:30.073010,534.88,USD,cash_deposit,wire,,FR,corporate
TXN00920,CUST1165,ACC_CUST1165,2026-06-13T06:02:30.073010,445.36,USD,withdrawal,wire,,JP,high_net_worth
TXN00921,CUST1130,ACC_CUST1130,2026-05-13T13:02:30.073010,10.06,USD,cash_deposit,wire,,SG,corporate
TXN00922,CUST1017,ACC_CUST1017,2026-05-03T18:02:30.073010,1516.75,USD,deposit,online,,DE,retail
TXN00923,CUST1154,ACC_CUST1154,2026-03-28T08:02:30.073010,590.8,USD,withdrawal,online,,GB,corporate
TXN00924,CUST1011,ACC_CUST1011,2026-07-04T21:02:30.073010,21.54,USD,transfer,online,ACC_CUST1048,US,high_net_worth
TXN00925,CUST1182,ACC_CUST1182,2026-04-16T03:02:30.073010,96.25,USD,transfer,atm,ACC_CUST1298,US,high_net_worth
TXN00926,CUST1131,ACC_CUST1131,2026-07-09T08:02:30.073010,262.54,USD,deposit,wire,,GB,high_net_worth
TXN00927,CUST1111,ACC_CUST1111,2026-06-29T01:02:30.073010,210.99,USD,transfer,wire,ACC_CUST1088,FR,corporate
TXN00928,CUST1295,ACC_CUST1295,2026-07-10T02:02:30.073010,154.16,USD,transfer,branch,ACC_CUST1295,JP,corporate
TXN00929,CUST1028,ACC_CUST1028,2026-07-23T09:02:30.073010,808.83,USD,transfer,wire,ACC_CUST1213,JP,high_net_worth
TXN00930,CUST1061,ACC_CUST1061,2026-07-17T06:02:30.073010,26.69,USD,deposit,wire,,US,high_net_worth
TXN00931,CUST1268,ACC_CUST1268,2026-04-02T09:02:30.073010,219.39,USD,withdrawal,atm,,US,corporate
TXN00932,CUST1113,ACC_CUST1113,2026-04-16T00:02:30.073010,429.32,USD,cash_deposit,wire,,US,retail
TXN00933,CUST1294,ACC_CUST1294,2026-05-31T01:02:30.073010,112.66,USD,withdrawal,wire,,SG,retail
TXN00934,CUST1201,ACC_CUST1201,2026-04-15T03:02:30.073010,264.2,USD,transfer,branch,ACC_CUST1243,US,retail
TXN00935,CUST1025,ACC_CUST1025,2026-06-06T11:02:30.073010,219.04,USD,transfer,branch,ACC_CUST1204,US,retail
TXN00936,CUST1066,ACC_CUST1066,2026-07-03T03:02:30.073010,210.75,USD,cash_deposit,online,,US,high_net_worth
TXN00937,CUST1292,ACC_CUST1292,2026-04-22T16:02:30.073010,32.3,USD,withdrawal,online,,DE,high_net_worth
TXN00938,CUST1220,ACC_CUST1220,2026-05-08T20:02:30.073010,344.19,USD,deposit,branch,,GB,high_net_worth
TXN00939,CUST1216,ACC_CUST1216,2026-05-13T10:02:30.073010,136.72,USD,withdrawal,atm,,DE,high_net_worth
TXN00940,CUST1012,ACC_CUST1012,2026-07-04T08:02:30.073010,297.31,USD,withdrawal,atm,,JP,high_net_worth
TXN00941,CUST1226,ACC_CUST1226,2026-06-15T03:02:30.073010,783.95,USD,cash_deposit,branch,,CH,corporate
TXN00942,CUST1119,ACC_CUST1119,2026-04-22T20:02:30.073010,45.76,USD,transfer,online,ACC_CUST1043,JP,corporate
TXN00943,CUST1027,ACC_CUST1027,2026-04-28T18:02:30.073010,14.15,USD,withdrawal,atm,,GB,high_net_worth
TXN00944,CUST1056,ACC_CUST1056,2026-05-06T13:02:30.073010,130.98,USD,cash_deposit,branch,,JP,retail
TXN00945,CUST1275,ACC_CUST1275,2026-04-24T05:02:30.073010,366.3,USD,transfer,wire,ACC_CUST1072,US,corporate
TXN00946,CUST1009,ACC_CUST1009,2026-05-15T17:02:30.073010,66.01,USD,deposit,atm,,JP,retail
TXN00947,CUST1145,ACC_CUST1145,2026-04-22T21:02:30.073010,329.05,USD,transfer,branch,ACC_CUST1238,CH,high_net_worth
TXN00948,CUST1004,ACC_CUST1004,2026-04-05T11:02:30.073010,15.78,USD,transfer,atm,ACC_CUST1055,SG,corporate
TXN00949,CUST1197,ACC_CUST1197,2026-04-26T11:02:30.073010,208.88,USD,deposit,atm,,FR,corporate
TXN00950,CUST1272,ACC_CUST1272,2026-04-08T04:02:30.073010,256.76,USD,withdrawal,wire,,SG,high_net_worth
TXN00951,CUST1011,ACC_CUST1011,2026-04-02T06:02:30.073010,159.97,USD,transfer,atm,ACC_CUST1250,US,high_net_worth
TXN00952,CUST1080,ACC_CUST1080,2026-03-30T10:02:30.073010,90.84,USD,transfer,atm,ACC_CUST1154,CH,retail
TXN00953,CUST1256,ACC_CUST1256,2026-05-02T00:02:30.073010,875.45,USD,transfer,wire,ACC_CUST1015,JP,corporate
TXN00954,CUST1143,ACC_CUST1143,2026-04-25T03:02:30.073010,37.57,USD,transfer,wire,ACC_CUST1070,SG,retail
TXN00955,CUST1195,ACC_CUST1195,2026-06-02T20:02:30.073010,92.47,USD,withdrawal,wire,,US,retail
TXN00956,CUST1078,ACC_CUST1078,2026-05-21T08:02:30.073010,52.39,USD,transfer,wire,ACC_CUST1277,US,high_net_worth
TXN00957,CUST1070,ACC_CUST1070,2026-06-10T16:02:30.073010,120.88,USD,withdrawal,online,,DE,retail
TXN00958,CUST1268,ACC_CUST1268,2026-07-22T03:02:30.073010,330.34,USD,cash_deposit,online,,US,corporate
TXN00959,CUST1289,ACC_CUST1289,2026-07-23T04:02:30.073010,238.4,USD,transfer,branch,ACC_CUST1285,GB,retail
TXN00960,CUST1060,ACC_CUST1060,2026-04-20T09:02:30.073010,445.01,USD,withdrawal,branch,,SG,corporate
TXN00961,CUST1211,ACC_CUST1211,2026-05-19T08:02:30.073010,59.45,USD,cash_deposit,atm,,JP,high_net_worth
TXN00962,CUST1096,ACC_CUST1096,2026-04-10T03:02:30.073010,441.21,USD,withdrawal,branch,,GB,retail
TXN00963,CUST1136,ACC_CUST1136,2026-06-13T17:02:30.073010,88.77,USD,withdrawal,online,,US,corporate
TXN00964,CUST1013,ACC_CUST1013,2026-05-12T01:02:30.073010,219.34,USD,cash_deposit,online,,JP,retail
TXN00965,CUST1240,ACC_CUST1240,2026-06-27T19:02:30.073010,212.85,USD,transfer,online,ACC_CUST1198,FR,high_net_worth
TXN00966,CUST1070,ACC_CUST1070,2026-04-17T05:02:30.073010,167.57,USD,withdrawal,branch,,DE,retail
TXN00967,CUST1007,ACC_CUST1007,2026-07-24T07:02:30.073010,416.87,USD,cash_deposit,online,,CH,retail
TXN00968,CUST1103,ACC_CUST1103,2026-07-02T05:02:30.073010,795.61,USD,deposit,online,,SG,retail
TXN00969,CUST1224,ACC_CUST1224,2026-07-16T18:02:30.073010,614.71,USD,cash_deposit,atm,,CH,high_net_worth
TXN00970,CUST1126,ACC_CUST1126,2026-05-21T11:02:30.073010,392.11,USD,deposit,wire,,SG,retail
TXN00971,CUST1201,ACC_CUST1201,2026-06-14T22:02:30.073010,190.23,USD,deposit,branch,,US,retail
TXN00972,CUST1021,ACC_CUST1021,2026-07-18T06:02:30.073010,254.73,USD,cash_deposit,branch,,DE,high_net_worth
TXN00973,CUST1264,ACC_CUST1264,2026-07-03T19:02:30.073010,113.25,USD,deposit,online,,CH,high_net_worth
TXN00974,CUST1203,ACC_CUST1203,2026-07-19T08:02:30.073010,174.69,USD,transfer,wire,ACC_CUST1085,JP,retail
TXN00975,CUST1027,ACC_CUST1027,2026-06-24T15:02:30.073010,541.4,USD,withdrawal,wire,,GB,high_net_worth
TXN00976,CUST1231,ACC_CUST1231,2026-04-08T22:02:30.073010,462.51,USD,deposit,online,,JP,high_net_worth
TXN00977,CUST1279,ACC_CUST1279,2026-04-14T11:02:30.073010,189.83,USD,cash_deposit,atm,,CH,retail
TXN00978,CUST1091,ACC_CUST1091,2026-05-25T17:02:30.073010,38.35,USD,withdrawal,wire,,GB,high_net_worth
TXN00979,CUST1165,ACC_CUST1165,2026-06-24T19:02:30.073010,38.69,USD,withdrawal,branch,,JP,high_net_worth
TXN00980,CUST1230,ACC_CUST1230,2026-06-17T10:02:30.073010,399.35,USD,deposit,wire,,FR,corporate
TXN00981,CUST1261,ACC_CUST1261,2026-06-14T04:02:30.073010,23.47,USD,cash_deposit,wire,,CH,retail
TXN00982,CUST1087,ACC_CUST1087,2026-07-22T09:02:30.073010,619.35,USD,withdrawal,online,,CH,high_net_worth
TXN00983,CUST1091,ACC_CUST1091,2026-07-04T21:02:30.073010,120.48,USD,deposit,wire,,GB,high_net_worth
TXN00984,CUST1228,ACC_CUST1228,2026-05-03T19:02:30.073010,696.43,USD,withdrawal,branch,,FR,high_net_worth
TXN00985,CUST1103,ACC_CUST1103,2026-03-28T18:02:30.073010,216.52,USD,transfer,branch,ACC_CUST1234,SG,retail
TXN00986,CUST1255,ACC_CUST1255,2026-06-04T23:02:30.073010,83.34,USD,cash_deposit,online,,GB,retail
TXN00987,CUST1243,ACC_CUST1243,2026-05-25T12:02:30.073010,285.8,USD,cash_deposit,branch,,GB,retail
TXN00988,CUST1003,ACC_CUST1003,2026-04-28T16:02:30.073010,71.31,USD,transfer,online,ACC_CUST1025,JP,high_net_worth
TXN00989,CUST1028,ACC_CUST1028,2026-06-19T10:02:30.073010,586.89,USD,deposit,online,,JP,high_net_worth
TXN00990,CUST1295,ACC_CUST1295,2026-07-13T18:02:30.073010,25.08,USD,transfer,atm,ACC_CUST1044,JP,corporate
TXN00991,CUST1213,ACC_CUST1213,2026-04-19T04:02:30.073010,425.09,USD,transfer,online,ACC_CUST1233,JP,high_net_worth
TXN00992,CUST1184,ACC_CUST1184,2026-07-25T00:02:30.073010,126.95,USD,deposit,atm,,GB,high_net_worth
TXN00993,CUST1194,ACC_CUST1194,2026-07-10T01:02:30.073010,113.95,USD,cash_deposit,branch,,JP,corporate
TXN00994,CUST1068,ACC_CUST1068,2026-04-12T21:02:30.073010,170.21,USD,transfer,atm,ACC_CUST1269,JP,retail
TXN00995,CUST1107,ACC_CUST1107,2026-06-25T05:02:30.073010,264.15,USD,deposit,branch,,SG,retail
TXN00996,CUST1270,ACC_CUST1270,2026-04-08T14:02:30.073010,100.19,USD,transfer,wire,ACC_CUST1162,GB,retail
TXN00997,CUST1294,ACC_CUST1294,2026-06-15T10:02:30.073010,230.01,USD,withdrawal,wire,,SG,retail
TXN00998,CUST1254,ACC_CUST1254,2026-05-30T04:02:30.073010,1172.67,USD,withdrawal,atm,,GB,high_net_worth
TXN00999,CUST1000,ACC_CUST1000,2026-04-11T23:02:30.073010,411.22,USD,cash_deposit,branch,,DE,high_net_worth
TXN01000,CUST1106,ACC_CUST1106,2026-07-08T18:02:30.073010,23.97,USD,cash_deposit,wire,,US,retail
TXN01001,CUST1179,ACC_CUST1179,2026-06-07T19:02:30.073010,317.01,USD,withdrawal,branch,,CH,retail
TXN01002,CUST1144,ACC_CUST1144,2026-04-29T01:02:30.073010,249.55,USD,transfer,atm,ACC_CUST1259,FR,retail
TXN01003,CUST1003,ACC_CUST1003,2026-04-11T20:02:30.073010,396.64,USD,transfer,atm,ACC_CUST1202,JP,high_net_worth
TXN01004,CUST1014,ACC_CUST1014,2026-07-12T04:02:30.073010,548.41,USD,withdrawal,atm,,FR,high_net_worth
TXN01005,CUST1245,ACC_CUST1245,2026-07-23T14:02:30.073010,207.04,USD,deposit,online,,JP,retail
TXN01006,CUST1235,ACC_CUST1235,2026-07-20T16:02:30.073010,798.45,USD,transfer,wire,ACC_CUST1211,JP,retail
TXN01007,CUST1028,ACC_CUST1028,2026-07-12T15:02:30.073010,240.29,USD,transfer,atm,ACC_CUST1284,JP,high_net_worth
TXN01008,CUST1106,ACC_CUST1106,2026-06-09T20:02:30.073010,1058.13,USD,transfer,atm,ACC_CUST1033,US,retail
TXN01009,CUST1143,ACC_CUST1143,2026-07-12T23:02:30.073010,564.32,USD,transfer,wire,ACC_CUST1273,SG,retail
TXN01010,CUST1292,ACC_CUST1292,2026-06-13T11:02:30.073010,609.84,USD,withdrawal,branch,,DE,high_net_worth
TXN01011,CUST1157,ACC_CUST1157,2026-06-26T09:02:30.073010,170.26,USD,deposit,atm,,US,high_net_worth
TXN01012,CUST1254,ACC_CUST1254,2026-07-18T06:02:30.073010,83.06,USD,transfer,wire,ACC_CUST1154,GB,high_net_worth
TXN01013,CUST1154,ACC_CUST1154,2026-04-19T02:02:30.073010,743.78,USD,transfer,branch,ACC_CUST1103,GB,corporate
TXN01014,CUST1227,ACC_CUST1227,2026-05-30T23:02:30.073010,73.29,USD,cash_deposit,online,,JP,high_net_worth
TXN01015,CUST1247,ACC_CUST1247,2026-06-29T15:02:30.073010,450.23,USD,transfer,atm,ACC_CUST1073,JP,high_net_worth
TXN01016,CUST1050,ACC_CUST1050,2026-07-11T15:02:30.073010,396.83,USD,withdrawal,online,,GB,high_net_worth
TXN01017,CUST1235,ACC_CUST1235,2026-05-16T21:02:30.073010,121.75,USD,deposit,branch,,JP,retail
TXN01018,CUST1022,ACC_CUST1022,2026-06-23T18:02:30.073010,198.7,USD,deposit,atm,,US,high_net_worth
TXN01019,CUST1023,ACC_CUST1023,2026-04-10T15:02:30.073010,436.26,USD,transfer,branch,ACC_CUST1295,FR,retail
TXN01020,CUST1107,ACC_CUST1107,2026-05-08T05:02:30.073010,107.16,USD,withdrawal,atm,,SG,retail
TXN01021,CUST1163,ACC_CUST1163,2026-07-04T13:02:30.073010,58.52,USD,deposit,atm,,US,high_net_worth
TXN01022,CUST1140,ACC_CUST1140,2026-04-10T23:02:30.073010,244.61,USD,deposit,online,,FR,corporate
TXN01023,CUST1281,ACC_CUST1281,2026-05-07T07:02:30.073010,266.05,USD,withdrawal,atm,,GB,high_net_worth
TXN01024,CUST1087,ACC_CUST1087,2026-04-06T08:02:30.073010,51.8,USD,transfer,wire,ACC_CUST1025,CH,high_net_worth
TXN01025,CUST1241,ACC_CUST1241,2026-07-21T20:02:30.073010,155.16,USD,deposit,branch,,JP,retail
TXN01026,CUST1044,ACC_CUST1044,2026-05-21T11:02:30.073010,297.38,USD,withdrawal,wire,,US,retail
TXN01027,CUST1159,ACC_CUST1159,2026-05-09T05:02:30.073010,261.65,USD,deposit,wire,,DE,high_net_worth
TXN01028,CUST1047,ACC_CUST1047,2026-07-10T21:02:30.073010,192.41,USD,cash_deposit,branch,,SG,retail
TXN01029,CUST1238,ACC_CUST1238,2026-05-27T06:02:30.073010,602.19,USD,withdrawal,online,,DE,retail
TXN01030,CUST1132,ACC_CUST1132,2026-07-22T10:02:30.073010,370.81,USD,cash_deposit,online,,CH,high_net_worth
TXN01031,CUST1169,ACC_CUST1169,2026-07-06T09:02:30.073010,19.22,USD,cash_deposit,wire,,FR,corporate
TXN01032,CUST1243,ACC_CUST1243,2026-04-11T10:02:30.073010,570.79,USD,cash_deposit,wire,,GB,retail
TXN01033,CUST1144,ACC_CUST1144,2026-07-04T10:02:30.073010,166.1,USD,withdrawal,branch,,FR,retail
TXN01034,CUST1054,ACC_CUST1054,2026-05-08T16:02:30.073010,238.26,USD,deposit,atm,,DE,corporate
TXN01035,CUST1205,ACC_CUST1205,2026-06-11T12:02:30.073010,248.19,USD,withdrawal,online,,JP,high_net_worth
TXN01036,CUST1246,ACC_CUST1246,2026-05-16T01:02:30.073010,470.18,USD,transfer,online,ACC_CUST1220,JP,high_net_worth
TXN01037,CUST1222,ACC_CUST1222,2026-06-08T09:02:30.073010,335.96,USD,withdrawal,online,,DE,high_net_worth
TXN01038,CUST1039,ACC_CUST1039,2026-06-30T21:02:30.073010,279.07,USD,cash_deposit,branch,,DE,corporate
TXN01039,CUST1237,ACC_CUST1237,2026-05-08T16:02:30.073010,68.14,USD,deposit,wire,,JP,corporate
TXN01040,CUST1207,ACC_CUST1207,2026-04-05T18:02:30.073010,128.99,USD,deposit,wire,,SG,retail
TXN01041,CUST1031,ACC_CUST1031,2026-04-08T05:02:30.073010,434.5,USD,withdrawal,branch,,GB,retail
TXN01042,CUST1076,ACC_CUST1076,2026-05-24T16:02:30.073010,187.81,USD,transfer,wire,ACC_CUST1295,US,corporate
TXN01043,CUST1105,ACC_CUST1105,2026-06-23T09:02:30.073010,389.53,USD,transfer,atm,ACC_CUST1222,US,corporate
TXN01044,CUST1176,ACC_CUST1176,2026-04-08T17:02:30.073010,574.45,USD,deposit,wire,,US,high_net_worth
TXN01045,CUST1150,ACC_CUST1150,2026-04-04T10:02:30.073010,374.56,USD,deposit,branch,,JP,retail
TXN01046,CUST1183,ACC_CUST1183,2026-04-11T08:02:30.073010,179.54,USD,deposit,online,,JP,high_net_worth
TXN01047,CUST1201,ACC_CUST1201,2026-06-16T09:02:30.073010,154.17,USD,cash_deposit,wire,,US,retail
TXN01048,CUST1279,ACC_CUST1279,2026-04-24T20:02:30.073010,54.92,USD,withdrawal,wire,,CH,retail
TXN01049,CUST1284,ACC_CUST1284,2026-05-16T10:02:30.073010,112.1,USD,cash_deposit,online,,SG,retail
TXN01050,CUST1064,ACC_CUST1064,2026-04-13T23:02:30.073010,56.64,USD,deposit,branch,,US,high_net_worth
TXN01051,CUST1249,ACC_CUST1249,2026-06-20T12:02:30.073010,54.28,USD,withdrawal,branch,,FR,retail
TXN01052,CUST1212,ACC_CUST1212,2026-07-16T13:02:30.073010,191.76,USD,cash_deposit,online,,FR,corporate
TXN01053,CUST1217,ACC_CUST1217,2026-06-06T13:02:30.073010,86.75,USD,cash_deposit,atm,,US,high_net_worth
TXN01054,CUST1217,ACC_CUST1217,2026-06-12T23:02:30.073010,383.57,USD,cash_deposit,online,,US,high_net_worth
TXN01055,CUST1137,ACC_CUST1137,2026-05-19T16:02:30.073010,261.9,USD,transfer,branch,ACC_CUST1019,US,retail
TXN01056,CUST1188,ACC_CUST1188,2026-04-11T17:02:30.073010,55.98,USD,cash_deposit,branch,,DE,retail
TXN01057,CUST1269,ACC_CUST1269,2026-07-15T07:02:30.073010,232.3,USD,cash_deposit,branch,,US,retail
TXN01058,CUST1045,ACC_CUST1045,2026-04-28T14:02:30.073010,294.83,USD,deposit,atm,,SG,retail
TXN01059,CUST1175,ACC_CUST1175,2026-06-03T23:02:30.073010,225.64,USD,cash_deposit,wire,,SG,corporate
TXN01060,CUST1240,ACC_CUST1240,2026-06-09T22:02:30.073010,980.05,USD,transfer,wire,ACC_CUST1180,FR,high_net_worth
TXN01061,CUST1150,ACC_CUST1150,2026-05-04T04:02:30.073010,399.45,USD,deposit,atm,,JP,retail
TXN01062,CUST1288,ACC_CUST1288,2026-04-30T00:02:30.073010,265.19,USD,cash_deposit,online,,FR,retail
TXN01063,CUST1149,ACC_CUST1149,2026-07-09T22:02:30.073010,208.94,USD,deposit,atm,,CH,high_net_worth
TXN01064,CUST1064,ACC_CUST1064,2026-05-31T01:02:30.073010,296.98,USD,transfer,atm,ACC_CUST1067,US,high_net_worth
TXN01065,CUST1140,ACC_CUST1140,2026-07-15T07:02:30.073010,287.77,USD,deposit,branch,,FR,corporate
TXN01066,CUST1077,ACC_CUST1077,2026-06-20T13:02:30.073010,467.71,USD,transfer,online,ACC_CUST1133,SG,corporate
TXN01067,CUST1120,ACC_CUST1120,2026-05-29T04:02:30.073010,1251.9,USD,deposit,atm,,SG,corporate
TXN01068,CUST1074,ACC_CUST1074,2026-06-12T03:02:30.073010,451.38,USD,cash_deposit,wire,,SG,retail
TXN01069,CUST1121,ACC_CUST1121,2026-06-20T13:02:30.073010,268.65,USD,withdrawal,online,,CH,high_net_worth
TXN01070,CUST1176,ACC_CUST1176,2026-04-03T19:02:30.073010,65.03,USD,transfer,branch,ACC_CUST1026,US,high_net_worth
TXN01071,CUST1204,ACC_CUST1204,2026-05-27T08:02:30.073010,153.31,USD,cash_deposit,online,,SG,retail
TXN01072,CUST1199,ACC_CUST1199,2026-05-27T07:02:30.073010,13.58,USD,withdrawal,wire,,FR,retail
TXN01073,CUST1229,ACC_CUST1229,2026-05-15T20:02:30.073010,759.26,USD,transfer,branch,ACC_CUST1049,GB,corporate
TXN01074,CUST1181,ACC_CUST1181,2026-07-14T12:02:30.073010,103.22,USD,transfer,atm,ACC_CUST1138,SG,corporate
TXN01075,CUST1050,ACC_CUST1050,2026-04-29T19:02:30.073010,455.04,USD,cash_deposit,wire,,GB,high_net_worth
TXN01076,CUST1123,ACC_CUST1123,2026-06-29T20:02:30.073010,349.7,USD,withdrawal,atm,,SG,retail
TXN01077,CUST1092,ACC_CUST1092,2026-05-07T16:02:30.073010,544.58,USD,deposit,branch,,DE,retail
TXN01078,CUST1006,ACC_CUST1006,2026-05-19T02:02:30.073010,139.94,USD,deposit,wire,,US,retail
TXN01079,CUST1145,ACC_CUST1145,2026-04-29T05:02:30.073010,299.8,USD,deposit,branch,,CH,high_net_worth
TXN01080,CUST1029,ACC_CUST1029,2026-06-12T20:02:30.073010,379.38,USD,withdrawal,branch,,JP,high_net_worth
TXN01081,CUST1061,ACC_CUST1061,2026-04-08T18:02:30.073010,330.48,USD,withdrawal,wire,,US,high_net_worth
TXN01082,CUST1289,ACC_CUST1289,2026-07-08T04:02:30.073010,97.64,USD,deposit,online,,GB,retail
TXN01083,CUST1239,ACC_CUST1239,2026-06-20T01:02:30.073010,450.07,USD,cash_deposit,atm,,FR,high_net_worth
TXN01084,CUST1165,ACC_CUST1165,2026-04-29T04:02:30.073010,460.32,USD,deposit,atm,,JP,high_net_worth
TXN01085,CUST1195,ACC_CUST1195,2026-05-16T09:02:30.073010,944.39,USD,deposit,atm,,US,retail
TXN01086,CUST1135,ACC_CUST1135,2026-04-19T13:02:30.073010,1175.06,USD,deposit,wire,,GB,corporate
TXN01087,CUST1102,ACC_CUST1102,2026-06-14T11:02:30.073010,44.43,USD,withdrawal,wire,,DE,high_net_worth
TXN01088,CUST1276,ACC_CUST1276,2026-07-04T12:02:30.073010,741.21,USD,withdrawal,branch,,SG,corporate
TXN01089,CUST1132,ACC_CUST1132,2026-04-10T00:02:30.073010,264.13,USD,deposit,branch,,CH,high_net_worth
TXN01090,CUST1128,ACC_CUST1128,2026-07-05T13:02:30.073010,58.35,USD,deposit,wire,,CH,high_net_worth
TXN01091,CUST1000,ACC_CUST1000,2026-07-25T00:02:30.073010,59.32,USD,cash_deposit,atm,,DE,high_net_worth
TXN01092,CUST1168,ACC_CUST1168,2026-07-21T11:02:30.073010,205.11,USD,deposit,wire,,GB,corporate
TXN01093,CUST1206,ACC_CUST1206,2026-07-14T22:02:30.073010,10.99,USD,deposit,online,,DE,corporate
TXN01094,CUST1246,ACC_CUST1246,2026-04-12T17:02:30.073010,163.56,USD,transfer,atm,ACC_CUST1155,JP,high_net_worth
TXN01095,CUST1046,ACC_CUST1046,2026-05-13T16:02:30.073010,438.7,USD,transfer,branch,ACC_CUST1235,CH,corporate
TXN01096,CUST1148,ACC_CUST1148,2026-06-18T05:02:30.073010,1038.07,USD,withdrawal,branch,,CH,corporate
TXN01097,CUST1097,ACC_CUST1097,2026-05-05T21:02:30.073010,308.78,USD,cash_deposit,branch,,DE,corporate
TXN01098,CUST1183,ACC_CUST1183,2026-05-29T01:02:30.073010,55.23,USD,cash_deposit,online,,JP,high_net_worth
TXN01099,CUST1098,ACC_CUST1098,2026-03-31T22:02:30.073010,157.68,USD,withdrawal,wire,,GB,corporate
TXN01100,CUST1276,ACC_CUST1276,2026-06-18T08:02:30.073010,1029.53,USD,cash_deposit,wire,,SG,corporate
TXN01101,CUST1008,ACC_CUST1008,2026-04-01T09:02:30.073010,475.04,USD,deposit,atm,,SG,high_net_worth
TXN01102,CUST1021,ACC_CUST1021,2026-05-18T02:02:30.073010,854.47,USD,withdrawal,wire,,DE,high_net_worth
TXN01103,CUST1274,ACC_CUST1274,2026-04-16T22:02:30.073010,21.27,USD,withdrawal,branch,,US,corporate
TXN01104,CUST1072,ACC_CUST1072,2026-05-29T19:02:30.073010,723.12,USD,deposit,wire,,SG,retail
TXN01105,CUST1023,ACC_CUST1023,2026-04-28T21:02:30.073010,66.71,USD,withdrawal,branch,,FR,retail
TXN01106,CUST1025,ACC_CUST1025,2026-07-21T08:02:30.073010,293.43,USD,deposit,wire,,US,retail
TXN01107,CUST1032,ACC_CUST1032,2026-07-10T02:02:30.073010,281.14,USD,deposit,wire,,DE,corporate
TXN01108,CUST1112,ACC_CUST1112,2026-04-05T05:02:30.073010,510.63,USD,cash_deposit,atm,,GB,retail
TXN01109,CUST1205,ACC_CUST1205,2026-05-08T02:02:30.073010,553.15,USD,withdrawal,atm,,JP,high_net_worth
TXN01110,CUST1109,ACC_CUST1109,2026-07-03T00:02:30.073010,29.59,USD,withdrawal,atm,,SG,corporate
TXN01111,CUST1140,ACC_CUST1140,2026-04-15T12:02:30.073010,251.83,USD,withdrawal,atm,,FR,corporate
TXN01112,CUST1224,ACC_CUST1224,2026-04-28T17:02:30.073010,41.6,USD,deposit,online,,CH,high_net_worth
TXN01113,CUST1192,ACC_CUST1192,2026-07-05T04:02:30.073010,35.25,USD,deposit,wire,,GB,high_net_worth
TXN01114,CUST1003,ACC_CUST1003,2026-04-19T01:02:30.073010,363.65,USD,transfer,wire,ACC_CUST1243,JP,high_net_worth
TXN01115,CUST1105,ACC_CUST1105,2026-04-15T19:02:30.073010,92.04,USD,transfer,wire,ACC_CUST1210,US,corporate
TXN01116,CUST1089,ACC_CUST1089,2026-06-14T21:02:30.073010,388.9,USD,deposit,online,,GB,retail
TXN01117,CUST1045,ACC_CUST1045,2026-06-16T08:02:30.073010,254.74,USD,transfer,wire,ACC_CUST1002,SG,retail
TXN01118,CUST1098,ACC_CUST1098,2026-04-12T15:02:30.073010,605.74,USD,deposit,atm,,GB,corporate
TXN01119,CUST1276,ACC_CUST1276,2026-05-31T06:02:30.073010,107.07,USD,cash_deposit,online,,SG,corporate
TXN01120,CUST1099,ACC_CUST1099,2026-04-11T03:02:30.073010,68.19,USD,cash_deposit,wire,,JP,corporate
TXN01121,CUST1022,ACC_CUST1022,2026-04-03T19:02:30.073010,181.1,USD,transfer,atm,ACC_CUST1107,US,high_net_worth
TXN01122,CUST1171,ACC_CUST1171,2026-06-14T13:02:30.073010,414.6,USD,deposit,branch,,DE,corporate
TXN01123,CUST1275,ACC_CUST1275,2026-04-19T04:02:30.073010,227.02,USD,deposit,wire,,US,corporate
TXN01124,CUST1036,ACC_CUST1036,2026-07-20T06:02:30.073010,172.94,USD,cash_deposit,atm,,SG,retail
TXN01125,CUST1166,ACC_CUST1166,2026-04-26T02:02:30.073010,91.2,USD,transfer,online,ACC_CUST1050,FR,corporate
TXN01126,CUST1211,ACC_CUST1211,2026-07-17T05:02:30.073010,32.91,USD,cash_deposit,online,,JP,high_net_worth
TXN01127,CUST1299,ACC_CUST1299,2026-05-29T00:02:30.073010,83.07,USD,cash_deposit,online,,CH,retail
TXN01128,CUST1232,ACC_CUST1232,2026-04-19T11:02:30.073010,391.7,USD,transfer,online,ACC_CUST1234,CH,corporate
TXN01129,CUST1183,ACC_CUST1183,2026-05-01T05:02:30.073010,363.5,USD,transfer,online,ACC_CUST1016,JP,high_net_worth
TXN01130,CUST1030,ACC_CUST1030,2026-05-02T03:02:30.073010,194.07,USD,deposit,wire,,DE,corporate
TXN01131,CUST1087,ACC_CUST1087,2026-07-03T09:02:30.073010,287.63,USD,withdrawal,atm,,CH,high_net_worth
TXN01132,CUST1087,ACC_CUST1087,2026-06-09T16:02:30.073010,169.15,USD,withdrawal,branch,,CH,high_net_worth
TXN01133,CUST1267,ACC_CUST1267,2026-05-29T05:02:30.073010,108.21,USD,cash_deposit,wire,,GB,corporate
TXN01134,CUST1219,ACC_CUST1219,2026-06-30T06:02:30.073010,180.88,USD,withdrawal,atm,,CH,retail
TXN01135,CUST1113,ACC_CUST1113,2026-07-20T17:02:30.073010,172.27,USD,withdrawal,branch,,US,retail
TXN01136,CUST1022,ACC_CUST1022,2026-04-02T14:02:30.073010,237.22,USD,deposit,wire,,US,high_net_worth
TXN01137,CUST1245,ACC_CUST1245,2026-07-09T21:02:30.073010,215.13,USD,deposit,wire,,JP,retail
TXN01138,CUST1042,ACC_CUST1042,2026-06-06T23:02:30.073010,52.72,USD,cash_deposit,online,,GB,retail
TXN01139,CUST1151,ACC_CUST1151,2026-04-27T19:02:30.073010,206.05,USD,deposit,branch,,GB,corporate
TXN01140,CUST1156,ACC_CUST1156,2026-04-17T21:02:30.073010,1134.22,USD,cash_deposit,branch,,US,corporate
TXN01141,CUST1237,ACC_CUST1237,2026-07-04T03:02:30.073010,477.99,USD,cash_deposit,online,,JP,corporate
TXN01142,CUST1189,ACC_CUST1189,2026-06-16T13:02:30.073010,155.78,USD,deposit,branch,,FR,high_net_worth
TXN01143,CUST1170,ACC_CUST1170,2026-06-03T00:02:30.073010,369.25,USD,transfer,wire,ACC_CUST1138,CH,retail
TXN01144,CUST1277,ACC_CUST1277,2026-06-09T05:02:30.073010,409.27,USD,deposit,atm,,DE,corporate
TXN01145,CUST1028,ACC_CUST1028,2026-06-01T20:02:30.073010,154.84,USD,transfer,branch,ACC_CUST1056,JP,high_net_worth
TXN01146,CUST1238,ACC_CUST1238,2026-06-15T00:02:30.073010,323.38,USD,transfer,atm,ACC_CUST1089,DE,retail
TXN01147,CUST1034,ACC_CUST1034,2026-06-07T21:02:30.073010,1202.99,USD,withdrawal,online,,CH,corporate
TXN01148,CUST1122,ACC_CUST1122,2026-06-05T02:02:30.073010,429.72,USD,cash_deposit,online,,GB,corporate
TXN01149,CUST1115,ACC_CUST1115,2026-05-08T10:02:30.073010,26.8,USD,transfer,wire,ACC_CUST1141,GB,high_net_worth
TXN01150,CUST1190,ACC_CUST1190,2026-05-11T13:02:30.073010,200.56,USD,cash_deposit,branch,,US,high_net_worth
TXN01151,CUST1272,ACC_CUST1272,2026-06-22T16:02:30.073010,492.69,USD,transfer,wire,ACC_CUST1188,SG,high_net_worth
TXN01152,CUST1033,ACC_CUST1033,2026-04-21T13:02:30.073010,158.62,USD,deposit,branch,,CH,high_net_worth
TXN01153,CUST1091,ACC_CUST1091,2026-05-03T01:02:30.073010,106.87,USD,deposit,online,,GB,high_net_worth
TXN01154,CUST1075,ACC_CUST1075,2026-05-30T03:02:30.073010,114.09,USD,withdrawal,branch,,SG,corporate
TXN01155,CUST1277,ACC_CUST1277,2026-07-25T03:02:30.073010,173.49,USD,cash_deposit,atm,,DE,corporate
TXN01156,CUST1010,ACC_CUST1010,2026-05-04T05:02:30.073010,626.23,USD,deposit,branch,,US,high_net_worth
TXN01157,CUST1118,ACC_CUST1118,2026-07-12T15:02:30.073010,135.93,USD,transfer,wire,ACC_CUST1296,DE,high_net_worth
TXN01158,CUST1167,ACC_CUST1167,2026-05-29T17:02:30.073010,118.76,USD,cash_deposit,wire,,CH,retail
TXN01159,CUST1067,ACC_CUST1067,2026-07-20T08:02:30.073010,87.16,USD,withdrawal,atm,,CH,retail
TXN01160,CUST1190,ACC_CUST1190,2026-05-03T00:02:30.073010,110.38,USD,withdrawal,atm,,US,high_net_worth
TXN01161,CUST1085,ACC_CUST1085,2026-06-15T04:02:30.073010,558.52,USD,transfer,online,ACC_CUST1089,GB,corporate
TXN01162,CUST1078,ACC_CUST1078,2026-04-17T06:02:30.073010,1533.66,USD,deposit,branch,,US,high_net_worth
TXN01163,CUST1294,ACC_CUST1294,2026-04-13T13:02:30.073010,78.88,USD,transfer,atm,ACC_CUST1094,SG,retail
TXN01164,CUST1017,ACC_CUST1017,2026-06-21T09:02:30.073010,188.5,USD,transfer,online,ACC_CUST1190,DE,retail
TXN01165,CUST1083,ACC_CUST1083,2026-06-04T08:02:30.073010,165.54,USD,deposit,branch,,SG,retail
TXN01166,CUST1255,ACC_CUST1255,2026-07-04T03:02:30.073010,60.9,USD,cash_deposit,atm,,GB,retail
TXN01167,CUST1279,ACC_CUST1279,2026-05-31T09:02:30.073010,1058.05,USD,transfer,wire,ACC_CUST1148,CH,retail
TXN01168,CUST1293,ACC_CUST1293,2026-06-21T03:02:30.073010,360.53,USD,cash_deposit,atm,,US,corporate
TXN01169,CUST1245,ACC_CUST1245,2026-07-21T00:02:30.073010,120.49,USD,withdrawal,branch,,JP,retail
TXN01170,CUST1205,ACC_CUST1205,2026-06-15T06:02:30.073010,39.11,USD,cash_deposit,atm,,JP,high_net_worth
TXN01171,CUST1028,ACC_CUST1028,2026-06-13T19:02:30.073010,465.99,USD,withdrawal,online,,JP,high_net_worth
TXN01172,CUST1142,ACC_CUST1142,2026-04-21T23:02:30.073010,349.09,USD,deposit,wire,,GB,retail
TXN01173,CUST1044,ACC_CUST1044,2026-06-01T11:02:30.073010,124.71,USD,withdrawal,wire,,US,retail
TXN01174,CUST1261,ACC_CUST1261,2026-04-04T20:02:30.073010,387.6,USD,transfer,wire,ACC_CUST1075,CH,retail
TXN01175,CUST1218,ACC_CUST1218,2026-05-14T11:02:30.073010,136.9,USD,transfer,branch,ACC_CUST1145,FR,corporate
TXN01176,CUST1157,ACC_CUST1157,2026-05-24T16:02:30.073010,400.42,USD,deposit,online,,US,high_net_worth
TXN01177,CUST1227,ACC_CUST1227,2026-06-30T12:02:30.073010,63.66,USD,cash_deposit,atm,,JP,high_net_worth
TXN01178,CUST1217,ACC_CUST1217,2026-06-29T12:02:30.073010,56.52,USD,withdrawal,branch,,US,high_net_worth
TXN01179,CUST1155,ACC_CUST1155,2026-05-27T15:02:30.073010,37.78,USD,transfer,branch,ACC_CUST1192,JP,high_net_worth
TXN01180,CUST1209,ACC_CUST1209,2026-06-17T07:02:30.073010,253.45,USD,cash_deposit,online,,FR,retail
TXN01181,CUST1290,ACC_CUST1290,2026-07-02T03:02:30.073010,545.64,USD,withdrawal,online,,US,retail
TXN01182,CUST1148,ACC_CUST1148,2026-06-06T14:02:30.073010,549.79,USD,deposit,atm,,CH,corporate
TXN01183,CUST1155,ACC_CUST1155,2026-05-30T16:02:30.073010,18.16,USD,cash_deposit,online,,JP,high_net_worth
TXN01184,CUST1001,ACC_CUST1001,2026-04-16T07:02:30.073010,328.23,USD,transfer,wire,ACC_CUST1063,JP,retail
TXN01185,CUST1147,ACC_CUST1147,2026-05-20T04:02:30.073010,18.66,USD,cash_deposit,online,,FR,high_net_worth
TXN01186,CUST1141,ACC_CUST1141,2026-05-30T01:02:30.073010,181.85,USD,transfer,wire,ACC_CUST1289,GB,retail
TXN01187,CUST1132,ACC_CUST1132,2026-06-16T20:02:30.073010,150.14,USD,cash_deposit,branch,,CH,high_net_worth
TXN01188,CUST1294,ACC_CUST1294,2026-03-30T07:02:30.073010,57.4,USD,withdrawal,branch,,SG,retail
TXN01189,CUST1236,ACC_CUST1236,2026-07-18T21:02:30.073010,63.49,USD,withdrawal,atm,,US,retail
TXN01190,CUST1139,ACC_CUST1139,2026-05-13T12:02:30.073010,113.45,USD,transfer,branch,ACC_CUST1148,SG,high_net_worth
TXN01191,CUST1039,ACC_CUST1039,2026-06-01T05:02:30.073010,283.96,USD,withdrawal,branch,,DE,corporate
TXN01192,CUST1085,ACC_CUST1085,2026-06-05T09:02:30.073010,356.98,USD,transfer,atm,ACC_CUST1138,GB,corporate
TXN01193,CUST1185,ACC_CUST1185,2026-04-09T16:02:30.073010,54.18,USD,transfer,online,ACC_CUST1006,SG,retail
TXN01194,CUST1144,ACC_CUST1144,2026-05-14T14:02:30.073010,771.14,USD,cash_deposit,atm,,FR,retail
TXN01195,CUST1083,ACC_CUST1083,2026-04-10T05:02:30.073010,544.38,USD,withdrawal,online,,SG,retail
TXN01196,CUST1286,ACC_CUST1286,2026-06-14T21:02:30.073010,195.13,USD,deposit,wire,,DE,high_net_worth
TXN01197,CUST1039,ACC_CUST1039,2026-04-11T03:02:30.073010,138.41,USD,deposit,wire,,DE,corporate
TXN01198,CUST1185,ACC_CUST1185,2026-04-14T13:02:30.073010,18.75,USD,transfer,online,ACC_CUST1155,SG,retail
TXN01199,CUST1060,ACC_CUST1060,2026-04-25T03:02:30.073010,120.2,USD,withdrawal,online,,SG,corporate
TXN01200,CUST1107,ACC_CUST1107,2026-04-13T01:02:30.073010,34.28,USD,cash_deposit,branch,,SG,retail
TXN01201,CUST1247,ACC_CUST1247,2026-07-02T12:02:30.073010,44.23,USD,deposit,online,,JP,high_net_worth
TXN01202,CUST1262,ACC_CUST1262,2026-06-11T00:02:30.073010,727.52,USD,cash_deposit,branch,,SG,high_net_worth
TXN01203,CUST1022,ACC_CUST1022,2026-04-05T08:02:30.073010,467.49,USD,deposit,branch,,US,high_net_worth
TXN01204,CUST1105,ACC_CUST1105,2026-06-11T05:02:30.073010,18.91,USD,withdrawal,atm,,US,corporate
TXN01205,CUST1074,ACC_CUST1074,2026-07-14T22:02:30.073010,62.51,USD,transfer,atm,ACC_CUST1180,SG,retail
TXN01206,CUST1256,ACC_CUST1256,2026-07-05T22:02:30.073010,41.31,USD,withdrawal,branch,,JP,corporate
TXN01207,CUST1296,ACC_CUST1296,2026-07-02T23:02:30.073010,1009.48,USD,withdrawal,online,,SG,retail
TXN01208,CUST1087,ACC_CUST1087,2026-07-21T16:02:30.073010,784.02,USD,deposit,branch,,CH,high_net_worth
TXN01209,CUST1258,ACC_CUST1258,2026-07-14T21:02:30.073010,369.33,USD,cash_deposit,atm,,JP,corporate
TXN01210,CUST1094,ACC_CUST1094,2026-05-23T20:02:30.073010,550.07,USD,deposit,online,,CH,high_net_worth
TXN01211,CUST1194,ACC_CUST1194,2026-05-21T05:02:30.073010,45.92,USD,withdrawal,wire,,JP,corporate
TXN01212,CUST1160,ACC_CUST1160,2026-04-12T13:02:30.073010,215.44,USD,deposit,online,,JP,high_net_worth
TXN01213,CUST1184,ACC_CUST1184,2026-06-26T08:02:30.073010,129.3,USD,deposit,branch,,GB,high_net_worth
TXN01214,CUST1059,ACC_CUST1059,2026-05-16T08:02:30.073010,358.51,USD,cash_deposit,atm,,US,high_net_worth
TXN01215,CUST1227,ACC_CUST1227,2026-04-25T16:02:30.073010,1269.16,USD,cash_deposit,atm,,JP,high_net_worth
TXN01216,CUST1219,ACC_CUST1219,2026-04-21T01:02:30.073010,69.28,USD,cash_deposit,atm,,CH,retail
TXN01217,CUST1251,ACC_CUST1251,2026-06-22T02:02:30.073010,231.86,USD,cash_deposit,wire,,CH,retail
TXN01218,CUST1043,ACC_CUST1043,2026-04-12T03:02:30.073010,366.27,USD,cash_deposit,wire,,FR,corporate
TXN01219,CUST1052,ACC_CUST1052,2026-06-30T04:02:30.073010,1119.16,USD,deposit,atm,,US,retail
TXN01220,CUST1173,ACC_CUST1173,2026-04-22T18:02:30.073010,89.53,USD,cash_deposit,branch,,CH,high_net_worth
TXN01221,CUST1217,ACC_CUST1217,2026-06-28T14:02:30.073010,142.06,USD,transfer,atm,ACC_CUST1204,US,high_net_worth
TXN01222,CUST1207,ACC_CUST1207,2026-05-29T15:02:30.073010,44.3,USD,transfer,online,ACC_CUST1232,SG,retail
TXN01223,CUST1128,ACC_CUST1128,2026-05-29T14:02:30.073010,19.05,USD,withdrawal,online,,CH,high_net_worth
TXN01224,CUST1027,ACC_CUST1027,2026-07-12T01:02:30.073010,1083.44,USD,cash_deposit,branch,,GB,high_net_worth
TXN01225,CUST1195,ACC_CUST1195,2026-06-13T20:02:30.073010,301.83,USD,transfer,online,ACC_CUST1155,US,retail
TXN01226,CUST1049,ACC_CUST1049,2026-07-03T01:02:30.073010,77.67,USD,cash_deposit,wire,,CH,corporate
TXN01227,CUST1254,ACC_CUST1254,2026-05-29T15:02:30.073010,247.31,USD,transfer,atm,ACC_CUST1276,GB,high_net_worth
TXN01228,CUST1016,ACC_CUST1016,2026-05-22T02:02:30.073010,123.31,USD,cash_deposit,wire,,DE,retail
TXN01229,CUST1192,ACC_CUST1192,2026-05-23T13:02:30.073010,68.39,USD,deposit,branch,,GB,high_net_worth
TXN01230,CUST1155,ACC_CUST1155,2026-07-19T21:02:30.073010,178.99,USD,withdrawal,wire,,JP,high_net_worth
TXN01231,CUST1159,ACC_CUST1159,2026-06-27T11:02:30.073010,262.39,USD,cash_deposit,branch,,DE,high_net_worth
TXN01232,CUST1251,ACC_CUST1251,2026-06-20T16:02:30.073010,257.84,USD,cash_deposit,wire,,CH,retail
TXN01233,CUST1080,ACC_CUST1080,2026-05-31T00:02:30.073010,214.78,USD,cash_deposit,atm,,CH,retail
TXN01234,CUST1193,ACC_CUST1193,2026-06-14T20:02:30.073010,29.02,USD,transfer,atm,ACC_CUST1164,JP,corporate
TXN01235,CUST1023,ACC_CUST1023,2026-04-13T10:02:30.073010,153.69,USD,transfer,branch,ACC_CUST1174,FR,retail
TXN01236,CUST1219,ACC_CUST1219,2026-05-11T10:02:30.073010,27.43,USD,cash_deposit,atm,,CH,retail
TXN01237,CUST1125,ACC_CUST1125,2026-04-28T06:02:30.073010,619.63,USD,transfer,branch,ACC_CUST1033,CH,retail
TXN01238,CUST1058,ACC_CUST1058,2026-05-10T04:02:30.073010,21.43,USD,deposit,atm,,FR,retail
TXN01239,CUST1216,ACC_CUST1216,2026-06-08T15:02:30.073010,16.18,USD,cash_deposit,atm,,DE,high_net_worth
TXN01240,CUST1240,ACC_CUST1240,2026-06-10T23:02:30.073010,158.44,USD,transfer,wire,ACC_CUST1292,FR,high_net_worth
TXN01241,CUST1293,ACC_CUST1293,2026-04-09T14:02:30.073010,132.83,USD,deposit,online,,US,corporate
TXN01242,CUST1257,ACC_CUST1257,2026-07-09T20:02:30.073010,145.45,USD,transfer,online,ACC_CUST1153,US,high_net_worth
TXN01243,CUST1223,ACC_CUST1223,2026-04-22T14:02:30.073010,111.63,USD,deposit,online,,JP,retail
TXN01244,CUST1024,ACC_CUST1024,2026-05-05T17:02:30.073010,303.91,USD,cash_deposit,online,,DE,high_net_worth
TXN01245,CUST1047,ACC_CUST1047,2026-06-27T17:02:30.073010,105.8,USD,deposit,atm,,SG,retail
TXN01246,CUST1290,ACC_CUST1290,2026-07-08T15:02:30.073010,80.62,USD,cash_deposit,wire,,US,retail
TXN01247,CUST1039,ACC_CUST1039,2026-06-19T08:02:30.073010,122.78,USD,transfer,wire,ACC_CUST1276,DE,corporate
TXN01248,CUST1212,ACC_CUST1212,2026-05-18T07:02:30.073010,648.33,USD,cash_deposit,online,,FR,corporate
TXN01249,CUST1264,ACC_CUST1264,2026-07-16T04:02:30.073010,334.36,USD,cash_deposit,online,,CH,high_net_worth
TXN01250,CUST1239,ACC_CUST1239,2026-05-01T19:02:30.073010,231.61,USD,cash_deposit,branch,,FR,high_net_worth
TXN01251,CUST1186,ACC_CUST1186,2026-05-26T03:02:30.073010,421.64,USD,withdrawal,online,,SG,retail
TXN01252,CUST1153,ACC_CUST1153,2026-07-14T12:02:30.073010,600.23,USD,cash_deposit,atm,,DE,high_net_worth
TXN01253,CUST1032,ACC_CUST1032,2026-06-17T05:02:30.073010,530.69,USD,cash_deposit,atm,,DE,corporate
TXN01254,CUST1082,ACC_CUST1082,2026-04-29T20:02:30.073010,91.73,USD,withdrawal,wire,,SG,corporate
TXN01255,CUST1076,ACC_CUST1076,2026-04-20T23:02:30.073010,197.18,USD,withdrawal,atm,,US,corporate
TXN01256,CUST1286,ACC_CUST1286,2026-05-22T12:02:30.073010,62.08,USD,deposit,online,,DE,high_net_worth
TXN01257,CUST1069,ACC_CUST1069,2026-03-31T07:02:30.073010,1005.5,USD,transfer,online,ACC_CUST1021,FR,high_net_worth
TXN01258,CUST1248,ACC_CUST1248,2026-07-05T23:02:30.073010,123.02,USD,deposit,branch,,FR,retail
TXN01259,CUST1152,ACC_CUST1152,2026-07-16T01:02:30.073010,344.12,USD,cash_deposit,atm,,SG,corporate
TXN01260,CUST1046,ACC_CUST1046,2026-05-17T22:02:30.073010,45.61,USD,withdrawal,online,,CH,corporate
TXN01261,CUST1256,ACC_CUST1256,2026-07-25T02:02:30.073010,91.57,USD,transfer,wire,ACC_CUST1046,JP,corporate
TXN01262,CUST1062,ACC_CUST1062,2026-07-04T09:02:30.073010,832.33,USD,transfer,wire,ACC_CUST1120,JP,high_net_worth
TXN01263,CUST1111,ACC_CUST1111,2026-04-15T02:02:30.073010,1061.2,USD,withdrawal,online,,FR,corporate
TXN01264,CUST1225,ACC_CUST1225,2026-05-19T07:02:30.073010,238.73,USD,deposit,wire,,JP,corporate
TXN01265,CUST1057,ACC_CUST1057,2026-05-07T16:02:30.073010,354.41,USD,cash_deposit,wire,,SG,corporate
TXN01266,CUST1142,ACC_CUST1142,2026-07-18T03:02:30.073010,526.72,USD,transfer,wire,ACC_CUST1188,GB,retail
TXN01267,CUST1010,ACC_CUST1010,2026-06-18T18:02:30.073010,362.02,USD,deposit,branch,,US,high_net_worth
TXN01268,CUST1122,ACC_CUST1122,2026-04-29T16:02:30.073010,315.62,USD,cash_deposit,atm,,GB,corporate
TXN01269,CUST1185,ACC_CUST1185,2026-07-21T20:02:30.073010,594.83,USD,deposit,online,,SG,retail
TXN01270,CUST1198,ACC_CUST1198,2026-03-29T11:02:30.073010,836.18,USD,transfer,atm,ACC_CUST1046,CH,corporate
TXN01271,CUST1120,ACC_CUST1120,2026-05-05T05:02:30.073010,309.37,USD,withdrawal,wire,,SG,corporate
TXN01272,CUST1208,ACC_CUST1208,2026-07-07T00:02:30.073010,201.08,USD,transfer,branch,ACC_CUST1251,CH,high_net_worth
TXN01273,CUST1211,ACC_CUST1211,2026-07-24T09:02:30.073010,531.87,USD,cash_deposit,branch,,JP,high_net_worth
TXN01274,CUST1133,ACC_CUST1133,2026-05-31T01:02:30.073010,411.58,USD,transfer,wire,ACC_CUST1280,US,corporate
TXN01275,CUST1232,ACC_CUST1232,2026-06-23T23:02:30.073010,308.4,USD,deposit,online,,CH,corporate
TXN01276,CUST1069,ACC_CUST1069,2026-03-28T11:02:30.073010,122.94,USD,withdrawal,atm,,FR,high_net_worth
TXN01277,CUST1042,ACC_CUST1042,2026-04-11T04:02:30.073010,573.12,USD,withdrawal,online,,GB,retail
TXN01278,CUST1210,ACC_CUST1210,2026-07-07T09:02:30.073010,630.27,USD,cash_deposit,wire,,FR,retail
TXN01279,CUST1068,ACC_CUST1068,2026-04-30T04:02:30.073010,36.45,USD,transfer,atm,ACC_CUST1101,JP,retail
TXN01280,CUST1188,ACC_CUST1188,2026-04-20T11:02:30.073010,16.29,USD,cash_deposit,online,,DE,retail
TXN01281,CUST1011,ACC_CUST1011,2026-07-24T16:02:30.073010,1106.37,USD,withdrawal,branch,,US,high_net_worth
TXN01282,CUST1101,ACC_CUST1101,2026-04-30T21:02:30.073010,163.77,USD,withdrawal,branch,,US,high_net_worth
TXN01283,CUST1219,ACC_CUST1219,2026-06-12T07:02:30.073010,961.26,USD,withdrawal,branch,,CH,retail
TXN01284,CUST1087,ACC_CUST1087,2026-06-08T02:02:30.073010,455.32,USD,deposit,wire,,CH,high_net_worth
TXN01285,CUST1232,ACC_CUST1232,2026-07-11T20:02:30.073010,86.27,USD,cash_deposit,branch,,CH,corporate
TXN01286,CUST1104,ACC_CUST1104,2026-04-21T07:02:30.073010,51.85,USD,transfer,wire,ACC_CUST1195,SG,high_net_worth
TXN01287,CUST1105,ACC_CUST1105,2026-06-12T05:02:30.073010,69.67,USD,transfer,online,ACC_CUST1214,US,corporate
TXN01288,CUST1074,ACC_CUST1074,2026-03-31T08:02:30.073010,723.61,USD,transfer,online,ACC_CUST1230,SG,retail
TXN01289,CUST1189,ACC_CUST1189,2026-06-10T20:02:30.073010,13.11,USD,cash_deposit,branch,,FR,high_net_worth
TXN01290,CUST1068,ACC_CUST1068,2026-07-17T09:02:30.073010,384.83,USD,cash_deposit,online,,JP,retail
TXN01291,CUST1216,ACC_CUST1216,2026-06-30T18:02:30.073010,254.26,USD,transfer,branch,ACC_CUST1048,DE,high_net_worth
TXN01292,CUST1026,ACC_CUST1026,2026-05-09T06:02:30.073010,1727.76,USD,cash_deposit,atm,,DE,high_net_worth
TXN01293,CUST1023,ACC_CUST1023,2026-03-28T07:02:30.073010,1148.59,USD,cash_deposit,atm,,FR,retail
TXN01294,CUST1189,ACC_CUST1189,2026-04-13T16:02:30.073010,100.45,USD,deposit,online,,FR,high_net_worth
TXN01295,CUST1257,ACC_CUST1257,2026-05-30T09:02:30.073010,38.18,USD,cash_deposit,online,,US,high_net_worth
TXN01296,CUST1271,ACC_CUST1271,2026-05-22T03:02:30.073010,23.55,USD,transfer,branch,ACC_CUST1160,FR,retail
TXN01297,CUST1065,ACC_CUST1065,2026-05-30T07:02:30.073010,709.27,USD,transfer,wire,ACC_CUST1144,SG,retail
TXN01298,CUST1134,ACC_CUST1134,2026-06-14T07:02:30.073010,123.74,USD,transfer,wire,ACC_CUST1084,FR,high_net_worth
TXN01299,CUST1251,ACC_CUST1251,2026-07-03T03:02:30.073010,72.82,USD,cash_deposit,branch,,CH,retail
TXN01300,CUST1027,ACC_CUST1027,2026-04-26T04:02:30.073010,100.42,USD,deposit,wire,,GB,high_net_worth
TXN01301,CUST1239,ACC_CUST1239,2026-05-22T02:02:30.073010,184.76,USD,cash_deposit,branch,,FR,high_net_worth
TXN01302,CUST1287,ACC_CUST1287,2026-05-29T13:02:30.073010,570.93,USD,cash_deposit,branch,,SG,corporate
TXN01303,CUST1075,ACC_CUST1075,2026-04-12T10:02:30.073010,617.88,USD,deposit,online,,SG,corporate
TXN01304,CUST1092,ACC_CUST1092,2026-07-12T04:02:30.073010,1875.07,USD,transfer,online,ACC_CUST1298,DE,retail
TXN01305,CUST1002,ACC_CUST1002,2026-06-03T17:02:30.073010,769.27,USD,withdrawal,wire,,JP,retail
TXN01306,CUST1126,ACC_CUST1126,2026-07-04T14:02:30.073010,17.89,USD,deposit,atm,,SG,retail
TXN01307,CUST1062,ACC_CUST1062,2026-05-17T10:02:30.073010,60.09,USD,deposit,atm,,JP,high_net_worth
TXN01308,CUST1041,ACC_CUST1041,2026-05-25T21:02:30.073010,306.95,USD,cash_deposit,wire,,FR,retail
TXN01309,CUST1137,ACC_CUST1137,2026-06-12T20:02:30.073010,1059.68,USD,deposit,atm,,US,retail
TXN01310,CUST1231,ACC_CUST1231,2026-05-08T22:02:30.073010,606.94,USD,withdrawal,online,,JP,high_net_worth
TXN01311,CUST1144,ACC_CUST1144,2026-05-08T00:02:30.073010,39.14,USD,deposit,wire,,FR,retail
TXN01312,CUST1130,ACC_CUST1130,2026-04-19T06:02:30.073010,16.22,USD,cash_deposit,branch,,SG,corporate
TXN01313,CUST1106,ACC_CUST1106,2026-04-17T11:02:30.073010,322.53,USD,cash_deposit,atm,,US,retail
TXN01314,CUST1078,ACC_CUST1078,2026-04-12T08:02:30.073010,409.42,USD,cash_deposit,wire,,US,high_net_worth
TXN01315,CUST1158,ACC_CUST1158,2026-07-21T20:02:30.073010,338.55,USD,withdrawal,atm,,CH,retail
TXN01316,CUST1188,ACC_CUST1188,2026-06-01T05:02:30.073010,659.93,USD,cash_deposit,wire,,DE,retail
TXN01317,CUST1243,ACC_CUST1243,2026-05-01T17:02:30.073010,433.78,USD,cash_deposit,branch,,GB,retail
TXN01318,CUST1188,ACC_CUST1188,2026-06-14T04:02:30.073010,39.27,USD,cash_deposit,wire,,DE,retail
TXN01319,CUST1262,ACC_CUST1262,2026-05-10T13:02:30.073010,810.65,USD,withdrawal,online,,SG,high_net_worth
TXN01320,CUST1269,ACC_CUST1269,2026-06-16T19:02:30.073010,199.46,USD,deposit,atm,,US,retail
TXN01321,CUST1040,ACC_CUST1040,2026-07-22T14:02:30.073010,355.9,USD,transfer,online,ACC_CUST1065,FR,corporate
TXN01322,CUST1153,ACC_CUST1153,2026-07-13T06:02:30.073010,262.17,USD,cash_deposit,atm,,DE,high_net_worth
TXN01323,CUST1282,ACC_CUST1282,2026-04-06T00:02:30.073010,169.83,USD,deposit,wire,,DE,high_net_worth
TXN01324,CUST1237,ACC_CUST1237,2026-06-20T22:02:30.073010,274.25,USD,transfer,atm,ACC_CUST1130,JP,corporate
TXN01325,CUST1257,ACC_CUST1257,2026-03-30T02:02:30.073010,472.78,USD,cash_deposit,online,,US,high_net_worth
TXN01326,CUST1201,ACC_CUST1201,2026-04-02T01:02:30.073010,123.04,USD,cash_deposit,atm,,US,retail
TXN01327,CUST1232,ACC_CUST1232,2026-07-02T20:02:30.073010,135.26,USD,cash_deposit,atm,,CH,corporate
TXN01328,CUST1095,ACC_CUST1095,2026-04-24T04:02:30.073010,625.82,USD,deposit,atm,,CH,retail
TXN01329,CUST1054,ACC_CUST1054,2026-05-22T16:02:30.073010,160.73,USD,deposit,branch,,DE,corporate
TXN01330,CUST1006,ACC_CUST1006,2026-04-18T19:02:30.073010,363.11,USD,cash_deposit,wire,,US,retail
TXN01331,CUST1249,ACC_CUST1249,2026-05-05T18:02:30.073010,37.51,USD,transfer,wire,ACC_CUST1154,FR,retail
TXN01332,CUST1069,ACC_CUST1069,2026-03-29T05:02:30.073010,367.25,USD,deposit,branch,,FR,high_net_worth
TXN01333,CUST1096,ACC_CUST1096,2026-07-14T23:02:30.073010,323.77,USD,withdrawal,wire,,GB,retail
TXN01334,CUST1123,ACC_CUST1123,2026-05-22T19:02:30.073010,117.4,USD,withdrawal,branch,,SG,retail
TXN01335,CUST1237,ACC_CUST1237,2026-04-15T14:02:30.073010,47.15,USD,cash_deposit,branch,,JP,corporate
TXN01336,CUST1078,ACC_CUST1078,2026-06-30T21:02:30.073010,201.31,USD,cash_deposit,wire,,US,high_net_worth
TXN01337,CUST1230,ACC_CUST1230,2026-06-10T06:02:30.073010,262.79,USD,withdrawal,atm,,FR,corporate
TXN01338,CUST1200,ACC_CUST1200,2026-04-03T09:02:30.073010,308.61,USD,deposit,branch,,CH,retail
TXN01339,CUST1221,ACC_CUST1221,2026-05-20T14:02:30.073010,163.09,USD,transfer,branch,ACC_CUST1249,JP,high_net_worth
TXN01340,CUST1262,ACC_CUST1262,2026-06-11T22:02:30.073010,385.83,USD,cash_deposit,online,,SG,high_net_worth
TXN01341,CUST1270,ACC_CUST1270,2026-03-30T12:02:30.073010,680.13,USD,transfer,branch,ACC_CUST1137,GB,retail
TXN01342,CUST1213,ACC_CUST1213,2026-07-19T14:02:30.073010,302.41,USD,deposit,wire,,JP,high_net_worth
TXN01343,CUST1177,ACC_CUST1177,2026-05-24T21:02:30.073010,62.78,USD,cash_deposit,branch,,US,retail
TXN01344,CUST1098,ACC_CUST1098,2026-05-27T10:02:30.073010,222.56,USD,cash_deposit,online,,GB,corporate
TXN01345,CUST4521,ACC_CUST4521,2026-07-22T20:02:30.073010,654.12,USD,transfer,wire,ACC_CUST1067,CH,retail
TXN01346,CUST1199,ACC_CUST1199,2026-05-20T20:02:30.073010,301.73,USD,transfer,wire,ACC_CUST1082,FR,retail
TXN01347,CUST1144,ACC_CUST1144,2026-06-24T22:02:30.073010,51.47,USD,deposit,wire,,FR,retail
TXN01348,CUST1102,ACC_CUST1102,2026-04-17T18:02:30.073010,483.21,USD,cash_deposit,branch,,DE,high_net_worth
TXN01349,CUST1252,ACC_CUST1252,2026-05-05T06:02:30.073010,2173.15,USD,withdrawal,branch,,FR,corporate
TXN01350,CUST1183,ACC_CUST1183,2026-07-18T07:02:30.073010,537.99,USD,transfer,online,ACC_CUST1089,JP,high_net_worth
TXN01351,CUST1257,ACC_CUST1257,2026-04-01T01:02:30.073010,298.36,USD,transfer,wire,ACC_CUST1058,US,high_net_worth
TXN01352,CUST1061,ACC_CUST1061,2026-06-07T06:02:30.073010,1528.4,USD,cash_deposit,atm,,US,high_net_worth
TXN01353,CUST1181,ACC_CUST1181,2026-07-04T00:02:30.073010,288.12,USD,transfer,online,ACC_CUST1263,SG,corporate
TXN01354,CUST1053,ACC_CUST1053,2026-06-26T00:02:30.073010,996.2,USD,cash_deposit,wire,,SG,high_net_worth
TXN01355,CUST1056,ACC_CUST1056,2026-04-10T18:02:30.073010,222.36,USD,deposit,branch,,JP,retail
TXN01356,CUST1085,ACC_CUST1085,2026-06-16T02:02:30.073010,61.25,USD,withdrawal,atm,,GB,corporate
TXN01357,CUST1149,ACC_CUST1149,2026-06-26T13:02:30.073010,60.28,USD,cash_deposit,branch,,CH,high_net_worth
TXN01358,CUST1186,ACC_CUST1186,2026-05-09T03:02:30.073010,183.47,USD,deposit,online,,SG,retail
TXN01359,CUST1212,ACC_CUST1212,2026-07-03T23:02:30.073010,135.26,USD,withdrawal,wire,,FR,corporate
TXN01360,CUST1258,ACC_CUST1258,2026-04-18T01:02:30.073010,144.19,USD,transfer,atm,ACC_CUST1212,JP,corporate
TXN01361,CUST1125,ACC_CUST1125,2026-04-16T15:02:30.073010,54.55,USD,cash_deposit,online,,CH,retail
TXN01362,CUST1219,ACC_CUST1219,2026-05-19T12:02:30.073010,873.33,USD,cash_deposit,atm,,CH,retail
TXN01363,CUST1226,ACC_CUST1226,2026-04-14T23:02:30.073010,133.88,USD,deposit,branch,,CH,corporate
TXN01364,CUST1205,ACC_CUST1205,2026-07-04T04:02:30.073010,159.9,USD,cash_deposit,branch,,JP,high_net_worth
TXN01365,CUST1018,ACC_CUST1018,2026-06-20T19:02:30.073010,1151.39,USD,withdrawal,branch,,DE,retail
TXN01366,CUST1266,ACC_CUST1266,2026-05-04T12:02:30.073010,393.56,USD,cash_deposit,atm,,SG,retail
TXN01367,CUST1160,ACC_CUST1160,2026-07-22T10:02:30.073010,701.4,USD,deposit,atm,,JP,high_net_worth
TXN01368,CUST1075,ACC_CUST1075,2026-06-25T11:02:30.073010,665.65,USD,cash_deposit,online,,SG,corporate
TXN01369,CUST1226,ACC_CUST1226,2026-06-25T10:02:30.073010,648.53,USD,cash_deposit,online,,CH,corporate
TXN01370,CUST1043,ACC_CUST1043,2026-04-01T16:02:30.073010,230.48,USD,transfer,wire,ACC_CUST1064,FR,corporate
TXN01371,CUST1276,ACC_CUST1276,2026-05-03T05:02:30.073010,231.03,USD,deposit,atm,,SG,corporate
TXN01372,CUST1081,ACC_CUST1081,2026-03-29T23:02:30.073010,398.95,USD,transfer,online,ACC_CUST1155,SG,corporate
TXN01373,CUST1258,ACC_CUST1258,2026-04-11T22:02:30.073010,100.23,USD,deposit,atm,,JP,corporate
TXN01374,CUST1259,ACC_CUST1259,2026-05-12T02:02:30.073010,188.66,USD,deposit,branch,,GB,retail
TXN01375,CUST1293,ACC_CUST1293,2026-06-29T23:02:30.073010,1231.49,USD,cash_deposit,atm,,US,corporate
TXN01376,CUST1297,ACC_CUST1297,2026-06-08T21:02:30.073010,116.66,USD,withdrawal,atm,,CH,corporate
TXN01377,CUST1293,ACC_CUST1293,2026-06-22T03:02:30.073010,43.36,USD,cash_deposit,online,,US,corporate
TXN01378,CUST1264,ACC_CUST1264,2026-06-10T05:02:30.073010,57.54,USD,transfer,wire,ACC_CUST1050,CH,high_net_worth
TXN01379,CUST1217,ACC_CUST1217,2026-07-12T12:02:30.073010,29.26,USD,deposit,branch,,US,high_net_worth
TXN01380,CUST1066,ACC_CUST1066,2026-05-27T05:02:30.073010,148.27,USD,cash_deposit,branch,,US,high_net_worth
TXN01381,CUST1269,ACC_CUST1269,2026-05-18T17:02:30.073010,273.34,USD,cash_deposit,atm,,US,retail
TXN01382,CUST1216,ACC_CUST1216,2026-05-23T21:02:30.073010,530.86,USD,cash_deposit,wire,,DE,high_net_worth
TXN01383,CUST1073,ACC_CUST1073,2026-05-31T03:02:30.073010,51.57,USD,cash_deposit,wire,,FR,retail
TXN01384,CUST1262,ACC_CUST1262,2026-07-16T15:02:30.073010,192.33,USD,deposit,online,,SG,high_net_worth
TXN01385,CUST1016,ACC_CUST1016,2026-07-01T04:02:30.073010,45.07,USD,transfer,branch,ACC_CUST1209,DE,retail
TXN01386,CUST1189,ACC_CUST1189,2026-06-09T08:02:30.073010,47.58,USD,deposit,online,,FR,high_net_worth
TXN01387,CUST1156,ACC_CUST1156,2026-05-14T08:02:30.073010,479.92,USD,transfer,wire,ACC_CUST1014,US,corporate
TXN01388,CUST1072,ACC_CUST1072,2026-07-06T17:02:30.073010,838.53,USD,cash_deposit,branch,,SG,retail
TXN01389,CUST1156,ACC_CUST1156,2026-07-19T08:02:30.073010,522.98,USD,withdrawal,online,,US,corporate
TXN01390,CUST1250,ACC_CUST1250,2026-03-28T02:02:30.073010,172.17,USD,transfer,branch,ACC_CUST1022,US,retail
TXN01391,CUST1293,ACC_CUST1293,2026-05-06T17:02:30.073010,466.08,USD,cash_deposit,atm,,US,corporate
TXN01392,CUST1243,ACC_CUST1243,2026-07-12T22:02:30.073010,220.82,USD,withdrawal,online,,GB,retail
TXN01393,CUST1235,ACC_CUST1235,2026-07-03T13:02:30.073010,613.75,USD,cash_deposit,online,,JP,retail
TXN01394,CUST1166,ACC_CUST1166,2026-04-08T18:02:30.073010,89.51,USD,cash_deposit,wire,,FR,corporate
TXN01395,CUST1202,ACC_CUST1202,2026-05-10T16:02:30.073010,409.44,USD,deposit,wire,,GB,high_net_worth
TXN01396,CUST1045,ACC_CUST1045,2026-07-16T04:02:30.073010,257.01,USD,deposit,atm,,SG,retail
TXN01397,CUST1063,ACC_CUST1063,2026-06-18T16:02:30.073010,941.45,USD,deposit,online,,FR,corporate
TXN01398,CUST1277,ACC_CUST1277,2026-06-09T00:02:30.073010,219.53,USD,withdrawal,wire,,DE,corporate
TXN01399,CUST1009,ACC_CUST1009,2026-04-12T20:02:30.073010,106.46,USD,withdrawal,branch,,JP,retail
TXN01400,CUST1105,ACC_CUST1105,2026-04-28T21:02:30.073010,503.4,USD,cash_deposit,branch,,US,corporate
TXN01401,CUST1164,ACC_CUST1164,2026-05-18T17:02:30.073010,604.09,USD,deposit,wire,,GB,corporate
TXN01402,CUST1011,ACC_CUST1011,2026-05-10T12:02:30.073010,17.31,USD,withdrawal,wire,,US,high_net_worth
TXN01403,CUST1270,ACC_CUST1270,2026-05-07T11:02:30.073010,1180.42,USD,transfer,branch,ACC_CUST1058,GB,retail
TXN01404,CUST1277,ACC_CUST1277,2026-04-18T08:02:30.073010,98.53,USD,withdrawal,online,,DE,corporate
TXN01405,CUST1045,ACC_CUST1045,2026-04-16T08:02:30.073010,28.22,USD,cash_deposit,online,,SG,retail
TXN01406,CUST1166,ACC_CUST1166,2026-04-19T23:02:30.073010,158.26,USD,deposit,atm,,FR,corporate
TXN01407,CUST1163,ACC_CUST1163,2026-04-15T12:02:30.073010,862.02,USD,transfer,atm,ACC_CUST1192,US,high_net_worth
TXN01408,CUST1061,ACC_CUST1061,2026-04-03T05:02:30.073010,213.76,USD,withdrawal,online,,US,high_net_worth
TXN01409,CUST1258,ACC_CUST1258,2026-05-16T02:02:30.073010,197.55,USD,transfer,branch,ACC_CUST1162,JP,corporate
TXN01410,CUST1208,ACC_CUST1208,2026-04-05T14:02:30.073010,311.16,USD,deposit,wire,,CH,high_net_worth
TXN01411,CUST1009,ACC_CUST1009,2026-05-01T16:02:30.073010,441.88,USD,deposit,online,,JP,retail
TXN01412,CUST1064,ACC_CUST1064,2026-05-05T17:02:30.073010,36.29,USD,cash_deposit,wire,,US,high_net_worth
TXN01413,CUST1256,ACC_CUST1256,2026-04-23T03:02:30.073010,241.36,USD,transfer,online,ACC_CUST1125,JP,corporate
TXN01414,CUST1216,ACC_CUST1216,2026-07-22T16:02:30.073010,10.3,USD,cash_deposit,branch,,DE,high_net_worth
TXN01415,CUST1237,ACC_CUST1237,2026-07-12T18:02:30.073010,28.62,USD,transfer,online,ACC_CUST1000,JP,corporate
TXN01416,CUST1246,ACC_CUST1246,2026-05-01T18:02:30.073010,564.38,USD,transfer,wire,ACC_CUST1179,JP,high_net_worth
TXN01417,CUST1108,ACC_CUST1108,2026-06-10T15:02:30.073010,413.18,USD,transfer,branch,ACC_CUST1082,FR,retail
TXN01418,CUST1288,ACC_CUST1288,2026-04-05T08:02:30.073010,369.63,USD,deposit,wire,,FR,retail
TXN01419,CUST1071,ACC_CUST1071,2026-06-28T16:02:30.073010,292.83,USD,transfer,wire,ACC_CUST1107,US,corporate
TXN01420,CUST1162,ACC_CUST1162,2026-07-19T20:02:30.073010,105.65,USD,transfer,atm,ACC_CUST1231,US,high_net_worth
TXN01421,CUST1164,ACC_CUST1164,2026-05-10T05:02:30.073010,14.8,USD,cash_deposit,atm,,GB,corporate
TXN01422,CUST1068,ACC_CUST1068,2026-06-17T23:02:30.073010,705.14,USD,cash_deposit,branch,,JP,retail
TXN01423,CUST1088,ACC_CUST1088,2026-05-19T16:02:30.073010,241.74,USD,cash_deposit,wire,,CH,high_net_worth
TXN01424,CUST1039,ACC_CUST1039,2026-06-03T23:02:30.073010,140.62,USD,cash_deposit,branch,,DE,corporate
TXN01425,CUST1192,ACC_CUST1192,2026-07-11T18:02:30.073010,558.18,USD,transfer,wire,ACC_CUST1090,GB,high_net_worth
TXN01426,CUST1004,ACC_CUST1004,2026-04-12T13:02:30.073010,12.82,USD,transfer,online,ACC_CUST1227,SG,corporate
TXN01427,CUST1010,ACC_CUST1010,2026-07-03T07:02:30.073010,518.3,USD,transfer,online,ACC_CUST1046,US,high_net_worth
TXN01428,CUST1155,ACC_CUST1155,2026-07-09T21:02:30.073010,1185.4,USD,withdrawal,online,,JP,high_net_worth
TXN01429,CUST1185,ACC_CUST1185,2026-04-01T07:02:30.073010,12.15,USD,cash_deposit,online,,SG,retail
TXN01430,CUST1202,ACC_CUST1202,2026-04-11T07:02:30.073010,250.74,USD,cash_deposit,online,,GB,high_net_worth
TXN01431,CUST1289,ACC_CUST1289,2026-06-22T20:02:30.073010,276.14,USD,withdrawal,branch,,GB,retail
TXN01432,CUST1033,ACC_CUST1033,2026-04-13T07:02:30.073010,73.9,USD,withdrawal,atm,,CH,high_net_worth
TXN01433,CUST1011,ACC_CUST1011,2026-06-24T20:02:30.073010,843.66,USD,transfer,wire,ACC_CUST1001,US,high_net_worth
TXN01434,CUST1026,ACC_CUST1026,2026-07-15T09:02:30.073010,106.08,USD,cash_deposit,wire,,DE,high_net_worth
TXN01435,CUST1265,ACC_CUST1265,2026-05-26T14:02:30.073010,24.43,USD,transfer,branch,ACC_CUST1114,JP,corporate
TXN01436,CUST1215,ACC_CUST1215,2026-06-04T13:02:30.073010,74.93,USD,transfer,branch,ACC_CUST1200,FR,corporate
TXN01437,CUST1041,ACC_CUST1041,2026-07-18T17:02:30.073010,1156.32,USD,deposit,online,,FR,retail
TXN01438,CUST1216,ACC_CUST1216,2026-04-06T06:02:30.073010,129.8,USD,withdrawal,online,,DE,high_net_worth
TXN01439,CUST1032,ACC_CUST1032,2026-06-16T19:02:30.073010,206.16,USD,deposit,branch,,DE,corporate
TXN01440,CUST1012,ACC_CUST1012,2026-06-11T19:02:30.073010,44.23,USD,transfer,atm,ACC_CUST1126,JP,high_net_worth
TXN01441,CUST1122,ACC_CUST1122,2026-05-10T00:02:30.073010,458.5,USD,transfer,online,ACC_CUST1037,GB,corporate
TXN01442,CUST1224,ACC_CUST1224,2026-07-03T02:02:30.073010,36.82,USD,cash_deposit,branch,,CH,high_net_worth
TXN01443,CUST1031,ACC_CUST1031,2026-07-23T00:02:30.073010,672.41,USD,cash_deposit,atm,,GB,retail
TXN01444,CUST1033,ACC_CUST1033,2026-07-06T03:02:30.073010,26.9,USD,deposit,wire,,CH,high_net_worth
TXN01445,CUST1221,ACC_CUST1221,2026-04-05T02:02:30.073010,114.83,USD,deposit,branch,,JP,high_net_worth
TXN01446,CUST1195,ACC_CUST1195,2026-05-18T02:02:30.073010,609.82,USD,cash_deposit,online,,US,retail
TXN01447,CUST1005,ACC_CUST1005,2026-05-25T11:02:30.073010,645.92,USD,cash_deposit,wire,,US,retail
TXN01448,CUST1051,ACC_CUST1051,2026-05-10T19:02:30.073010,228.45,USD,deposit,wire,,US,corporate
TXN01449,CUST4521,ACC_CUST4521,2026-04-21T02:02:30.073010,281.29,USD,deposit,branch,,CH,retail
TXN01450,CUST1034,ACC_CUST1034,2026-06-11T05:02:30.073010,141.73,USD,withdrawal,atm,,CH,corporate
TXN01451,CUST1246,ACC_CUST1246,2026-06-28T18:02:30.073010,93.58,USD,cash_deposit,online,,JP,high_net_worth
TXN01452,CUST1022,ACC_CUST1022,2026-04-04T03:02:30.073010,973.73,USD,transfer,wire,ACC_CUST1262,US,high_net_worth
TXN01453,CUST1183,ACC_CUST1183,2026-05-06T17:02:30.073010,200.19,USD,withdrawal,online,,JP,high_net_worth
TXN01454,CUST1175,ACC_CUST1175,2026-05-04T10:02:30.073010,27.71,USD,deposit,online,,SG,corporate
TXN01455,CUST1259,ACC_CUST1259,2026-07-10T16:02:30.073010,136.39,USD,deposit,wire,,GB,retail
TXN01456,CUST1102,ACC_CUST1102,2026-06-17T05:02:30.073010,72.98,USD,deposit,atm,,DE,high_net_worth
TXN01457,CUST1243,ACC_CUST1243,2026-06-24T21:02:30.073010,583.18,USD,cash_deposit,atm,,GB,retail
TXN01458,CUST1289,ACC_CUST1289,2026-05-09T18:02:30.073010,63.12,USD,transfer,wire,ACC_CUST1168,GB,retail
TXN01459,CUST1232,ACC_CUST1232,2026-07-18T00:02:30.073010,767.54,USD,cash_deposit,online,,CH,corporate
TXN01460,CUST1114,ACC_CUST1114,2026-06-24T06:02:30.073010,91.94,USD,cash_deposit,online,,FR,high_net_worth
TXN01461,CUST1169,ACC_CUST1169,2026-07-09T22:02:30.073010,163.4,USD,cash_deposit,online,,FR,corporate
TXN01462,CUST1003,ACC_CUST1003,2026-05-12T23:02:30.073010,19.14,USD,deposit,atm,,JP,high_net_worth
TXN01463,CUST1058,ACC_CUST1058,2026-04-15T08:02:30.073010,309.36,USD,cash_deposit,online,,FR,retail
TXN01464,CUST1184,ACC_CUST1184,2026-04-01T23:02:30.073010,110.26,USD,withdrawal,online,,GB,high_net_worth
TXN01465,CUST1112,ACC_CUST1112,2026-07-19T07:02:30.073010,574.24,USD,withdrawal,atm,,GB,retail
TXN01466,CUST1125,ACC_CUST1125,2026-04-19T05:02:30.073010,565.23,USD,deposit,online,,CH,retail
TXN01467,CUST1051,ACC_CUST1051,2026-03-30T20:02:30.073010,329.15,USD,withdrawal,wire,,US,corporate
TXN01468,CUST1056,ACC_CUST1056,2026-05-10T05:02:30.073010,148.44,USD,transfer,wire,ACC_CUST1122,JP,retail
TXN01469,CUST1190,ACC_CUST1190,2026-06-20T04:02:30.073010,47.84,USD,cash_deposit,branch,,US,high_net_worth
TXN01470,CUST1066,ACC_CUST1066,2026-07-07T05:02:30.073010,365.6,USD,withdrawal,wire,,US,high_net_worth
TXN01471,CUST1162,ACC_CUST1162,2026-06-12T12:02:30.073010,442.01,USD,withdrawal,branch,,US,high_net_worth
TXN01472,CUST4521,ACC_CUST4521,2026-04-21T16:02:30.073010,95.18,USD,transfer,online,ACC_CUST1167,CH,retail
TXN01473,CUST1143,ACC_CUST1143,2026-07-17T03:02:30.073010,399.81,USD,cash_deposit,online,,SG,retail
TXN01474,CUST1240,ACC_CUST1240,2026-07-07T20:02:30.073010,223.16,USD,deposit,online,,FR,high_net_worth
TXN01475,CUST1260,ACC_CUST1260,2026-05-14T14:02:30.073010,126.5,USD,cash_deposit,online,,GB,high_net_worth
TXN01476,CUST1191,ACC_CUST1191,2026-06-03T21:02:30.073010,202.6,USD,cash_deposit,wire,,GB,retail
TXN01477,CUST1297,ACC_CUST1297,2026-05-18T19:02:30.073010,84.36,USD,deposit,online,,CH,corporate
TXN01478,CUST1103,ACC_CUST1103,2026-05-24T06:02:30.073010,119.58,USD,cash_deposit,online,,SG,retail
TXN01479,CUST1193,ACC_CUST1193,2026-06-09T04:02:30.073010,36.57,USD,transfer,atm,ACC_CUST1281,JP,corporate
TXN01480,CUST1043,ACC_CUST1043,2026-05-04T13:02:30.073010,22.6,USD,transfer,online,ACC_CUST1298,FR,corporate
TXN01481,CUST1262,ACC_CUST1262,2026-06-15T09:02:30.073010,199.08,USD,cash_deposit,wire,,SG,high_net_worth
TXN01482,CUST1209,ACC_CUST1209,2026-05-14T14:02:30.073010,17.51,USD,transfer,atm,ACC_CUST1195,FR,retail
TXN01483,CUST1226,ACC_CUST1226,2026-04-26T07:02:30.073010,705.24,USD,deposit,atm,,CH,corporate
TXN01484,CUST1150,ACC_CUST1150,2026-07-13T15:02:30.073010,793.57,USD,deposit,atm,,JP,retail
TXN01485,CUST1050,ACC_CUST1050,2026-04-12T01:02:30.073010,77.06,USD,transfer,branch,ACC_CUST1279,GB,high_net_worth
TXN01486,CUST1100,ACC_CUST1100,2026-06-22T09:02:30.073010,73.45,USD,transfer,atm,ACC_CUST1140,US,high_net_worth
TXN01487,CUST1070,ACC_CUST1070,2026-07-15T21:02:30.073010,109.32,USD,transfer,branch,ACC_CUST1153,DE,retail
TXN01488,CUST1177,ACC_CUST1177,2026-07-06T11:02:30.073010,201.6,USD,cash_deposit,branch,,US,retail
TXN01489,CUST1262,ACC_CUST1262,2026-07-03T03:02:30.073010,87.21,USD,cash_deposit,online,,SG,high_net_worth
TXN01490,CUST1107,ACC_CUST1107,2026-05-27T06:02:30.073010,134.95,USD,cash_deposit,wire,,SG,retail
TXN01491,CUST1043,ACC_CUST1043,2026-05-07T05:02:30.073010,80.56,USD,cash_deposit,wire,,FR,corporate
TXN01492,CUST1230,ACC_CUST1230,2026-07-15T16:02:30.073010,54.88,USD,deposit,atm,,FR,corporate
TXN01493,CUST1065,ACC_CUST1065,2026-05-06T22:02:30.073010,508.85,USD,deposit,wire,,SG,retail
TXN01494,CUST1181,ACC_CUST1181,2026-05-10T06:02:30.073010,357.28,USD,cash_deposit,wire,,SG,corporate
TXN01495,CUST1206,ACC_CUST1206,2026-07-03T21:02:30.073010,17.05,USD,transfer,atm,ACC_CUST4521,DE,corporate
TXN01496,CUST1016,ACC_CUST1016,2026-07-24T03:02:30.073010,261.93,USD,withdrawal,atm,,DE,retail
TXN01497,CUST1293,ACC_CUST1293,2026-07-16T11:02:30.073010,900.98,USD,cash_deposit,online,,US,corporate
TXN01498,CUST1032,ACC_CUST1032,2026-06-04T11:02:30.073010,44.5,USD,withdrawal,wire,,DE,corporate
TXN01499,CUST1291,ACC_CUST1291,2026-05-24T19:02:30.073010,43.05,USD,transfer,branch,ACC_CUST1087,CH,retail
TXN01500,CUST1283,ACC_CUST1283,2026-04-19T00:02:30.073010,71.99,USD,cash_deposit,branch,,SG,retail
TXN01501,CUST1035,ACC_CUST1035,2026-07-22T11:02:30.073010,113.21,USD,transfer,online,ACC_CUST1119,JP,retail
TXN01502,CUST1268,ACC_CUST1268,2026-04-05T13:02:30.073010,229.27,USD,deposit,atm,,US,corporate
TXN01503,CUST1087,ACC_CUST1087,2026-05-08T12:02:30.073010,1379.64,USD,cash_deposit,online,,CH,high_net_worth
TXN01504,CUST1066,ACC_CUST1066,2026-06-04T12:02:30.073010,157.79,USD,cash_deposit,branch,,US,high_net_worth
TXN01505,CUST1105,ACC_CUST1105,2026-04-13T05:02:30.073010,61.87,USD,transfer,wire,ACC_CUST1243,US,corporate
TXN01506,CUST1294,ACC_CUST1294,2026-05-06T17:02:30.073010,106.66,USD,withdrawal,wire,,SG,retail
TXN01507,CUST1003,ACC_CUST1003,2026-04-15T13:02:30.073010,288.55,USD,deposit,wire,,JP,high_net_worth
TXN01508,CUST1126,ACC_CUST1126,2026-06-03T09:02:30.073010,196.36,USD,cash_deposit,wire,,SG,retail
TXN01509,CUST1020,ACC_CUST1020,2026-06-30T01:02:30.073010,371.51,USD,transfer,wire,ACC_CUST1177,JP,retail
TXN01510,CUST1152,ACC_CUST1152,2026-05-17T18:02:30.073010,95.96,USD,withdrawal,wire,,SG,corporate
TXN01511,CUST1221,ACC_CUST1221,2026-05-25T11:02:30.073010,160.04,USD,withdrawal,branch,,JP,high_net_worth
TXN01512,CUST1022,ACC_CUST1022,2026-04-27T04:02:30.073010,369.24,USD,transfer,atm,ACC_CUST1034,US,high_net_worth
TXN01513,CUST1111,ACC_CUST1111,2026-07-22T14:02:30.073010,1619.11,USD,cash_deposit,branch,,FR,corporate
TXN01514,CUST1039,ACC_CUST1039,2026-07-02T02:02:30.073010,64.04,USD,transfer,wire,ACC_CUST1230,DE,corporate
TXN01515,CUST1106,ACC_CUST1106,2026-05-31T00:02:30.073010,32.8,USD,cash_deposit,branch,,US,retail
TXN01516,CUST1236,ACC_CUST1236,2026-05-15T09:02:30.073010,161.59,USD,cash_deposit,online,,US,retail
TXN01517,CUST1005,ACC_CUST1005,2026-04-29T02:02:30.073010,342.87,USD,withdrawal,atm,,US,retail
TXN01518,CUST1237,ACC_CUST1237,2026-05-29T13:02:30.073010,248.51,USD,deposit,branch,,JP,corporate
TXN01519,CUST1124,ACC_CUST1124,2026-06-27T13:02:30.073010,525.15,USD,withdrawal,wire,,JP,corporate
TXN01520,CUST1082,ACC_CUST1082,2026-04-17T23:02:30.073010,114.5,USD,deposit,online,,SG,corporate
TXN01521,CUST1273,ACC_CUST1273,2026-06-30T11:02:30.073010,343.87,USD,withdrawal,branch,,GB,corporate
TXN01522,CUST1005,ACC_CUST1005,2026-06-22T07:02:30.073010,142.99,USD,withdrawal,wire,,US,retail
TXN01523,CUST1110,ACC_CUST1110,2026-06-27T00:02:30.073010,367.95,USD,withdrawal,wire,,GB,corporate
TXN01524,CUST1267,ACC_CUST1267,2026-06-18T20:02:30.073010,361.69,USD,deposit,wire,,GB,corporate
TXN01525,CUST1227,ACC_CUST1227,2026-04-03T18:02:30.073010,454.06,USD,deposit,branch,,JP,high_net_worth
TXN01526,CUST1103,ACC_CUST1103,2026-07-24T06:02:30.073010,38.75,USD,transfer,online,ACC_CUST1102,SG,retail
TXN01527,CUST1215,ACC_CUST1215,2026-03-30T23:02:30.073010,84.76,USD,transfer,online,ACC_CUST1032,FR,corporate
TXN01528,CUST1049,ACC_CUST1049,2026-07-08T20:02:30.073010,23.5,USD,withdrawal,online,,CH,corporate
TXN01529,CUST1262,ACC_CUST1262,2026-04-10T09:02:30.073010,826.92,USD,transfer,online,ACC_CUST1106,SG,high_net_worth
TXN01530,CUST1202,ACC_CUST1202,2026-05-21T02:02:30.073010,43.58,USD,withdrawal,online,,GB,high_net_worth
TXN01531,CUST1165,ACC_CUST1165,2026-04-18T23:02:30.073010,13.62,USD,cash_deposit,atm,,JP,high_net_worth
TXN01532,CUST1108,ACC_CUST1108,2026-05-25T06:02:30.073010,324.9,USD,deposit,atm,,FR,retail
TXN01533,CUST1188,ACC_CUST1188,2026-04-02T01:02:30.073010,117.66,USD,withdrawal,wire,,DE,retail
TXN01534,CUST1255,ACC_CUST1255,2026-04-10T21:02:30.073010,968.51,USD,withdrawal,atm,,GB,retail
TXN01535,CUST1166,ACC_CUST1166,2026-06-16T21:02:30.073010,131.06,USD,cash_deposit,online,,FR,corporate
TXN01536,CUST1162,ACC_CUST1162,2026-07-14T20:02:30.073010,132.44,USD,cash_deposit,branch,,US,high_net_worth
TXN01537,CUST1299,ACC_CUST1299,2026-05-24T11:02:30.073010,89.43,USD,withdrawal,branch,,CH,retail
TXN01538,CUST1063,ACC_CUST1063,2026-05-06T06:02:30.073010,300.09,USD,cash_deposit,online,,FR,corporate
TXN01539,CUST1030,ACC_CUST1030,2026-04-14T10:02:30.073010,77.7,USD,cash_deposit,atm,,DE,corporate
TXN01540,CUST1192,ACC_CUST1192,2026-04-23T19:02:30.073010,780.78,USD,deposit,online,,GB,high_net_worth
TXN01541,CUST1227,ACC_CUST1227,2026-06-30T09:02:30.073010,124.61,USD,withdrawal,atm,,JP,high_net_worth
TXN01542,CUST1020,ACC_CUST1020,2026-06-02T12:02:30.073010,573.07,USD,transfer,branch,ACC_CUST1117,JP,retail
TXN01543,CUST1169,ACC_CUST1169,2026-05-10T06:02:30.073010,721.36,USD,withdrawal,branch,,FR,corporate
TXN01544,CUST1127,ACC_CUST1127,2026-07-08T20:02:30.073010,231.11,USD,withdrawal,wire,,US,high_net_worth
TXN01545,CUST1093,ACC_CUST1093,2026-05-23T19:02:30.073010,621.76,USD,deposit,branch,,FR,high_net_worth
TXN01546,CUST1035,ACC_CUST1035,2026-04-21T00:02:30.073010,50.25,USD,withdrawal,online,,JP,retail
TXN01547,CUST1088,ACC_CUST1088,2026-06-11T16:02:30.073010,222.43,USD,withdrawal,online,,CH,high_net_worth
TXN01548,CUST1218,ACC_CUST1218,2026-06-28T13:02:30.073010,94.28,USD,transfer,online,ACC_CUST1101,FR,corporate
TXN01549,CUST1090,ACC_CUST1090,2026-06-13T06:02:30.073010,188.41,USD,transfer,atm,ACC_CUST1295,FR,high_net_worth
TXN01550,CUST1103,ACC_CUST1103,2026-05-01T14:02:30.073010,162.37,USD,deposit,atm,,SG,retail
TXN01551,CUST1085,ACC_CUST1085,2026-05-27T13:02:30.073010,438.54,USD,cash_deposit,wire,,GB,corporate
TXN01552,CUST1246,ACC_CUST1246,2026-03-30T11:02:30.073010,436.71,USD,cash_deposit,branch,,JP,high_net_worth
TXN01553,CUST1153,ACC_CUST1153,2026-06-12T16:02:30.073010,99.24,USD,withdrawal,online,,DE,high_net_worth
TXN01554,CUST1237,ACC_CUST1237,2026-05-06T13:02:30.073010,289.44,USD,transfer,wire,ACC_CUST1287,JP,corporate
TXN01555,CUST1036,ACC_CUST1036,2026-05-09T03:02:30.073010,60.43,USD,cash_deposit,online,,SG,retail
TXN01556,CUST1097,ACC_CUST1097,2026-03-27T23:02:30.073010,789.86,USD,transfer,wire,ACC_CUST1207,DE,corporate
TXN01557,CUST1202,ACC_CUST1202,2026-07-01T10:02:30.073010,120.37,USD,cash_deposit,wire,,GB,high_net_worth
TXN01558,CUST1036,ACC_CUST1036,2026-05-19T00:02:30.073010,817.05,USD,deposit,wire,,SG,retail
TXN01559,CUST1083,ACC_CUST1083,2026-04-21T12:02:30.073010,380.46,USD,transfer,atm,ACC_CUST1260,SG,retail
TXN01560,CUST1188,ACC_CUST1188,2026-06-25T00:02:30.073010,409.16,USD,cash_deposit,wire,,DE,retail
TXN01561,CUST1124,ACC_CUST1124,2026-05-28T00:02:30.073010,100.87,USD,transfer,branch,ACC_CUST1075,JP,corporate
TXN01562,CUST1233,ACC_CUST1233,2026-06-23T03:02:30.073010,919.58,USD,transfer,online,ACC_CUST1296,US,retail
TXN01563,CUST1082,ACC_CUST1082,2026-03-29T02:02:30.073010,162.08,USD,deposit,wire,,SG,corporate
TXN01564,CUST4521,ACC_CUST4521,2026-07-21T01:02:30.073010,64.39,USD,withdrawal,wire,,CH,retail
TXN01565,CUST1218,ACC_CUST1218,2026-04-29T21:02:30.073010,120.44,USD,transfer,wire,ACC_CUST4521,FR,corporate
TXN01566,CUST1210,ACC_CUST1210,2026-07-02T22:02:30.073010,313.33,USD,deposit,branch,,FR,retail
TXN01567,CUST1176,ACC_CUST1176,2026-07-10T03:02:30.073010,370.2,USD,transfer,online,ACC_CUST1203,US,high_net_worth
TXN01568,CUST1003,ACC_CUST1003,2026-04-18T14:02:30.073010,31.72,USD,deposit,branch,,JP,high_net_worth
TXN01569,CUST1213,ACC_CUST1213,2026-06-03T12:02:30.073010,68.22,USD,transfer,wire,ACC_CUST1087,JP,high_net_worth
TXN01570,CUST1095,ACC_CUST1095,2026-06-26T03:02:30.073010,70.26,USD,withdrawal,wire,,CH,retail
TXN01571,CUST1056,ACC_CUST1056,2026-05-24T17:02:30.073010,77.3,USD,withdrawal,online,,JP,retail
TXN01572,CUST1093,ACC_CUST1093,2026-07-09T05:02:30.073010,305.72,USD,transfer,wire,ACC_CUST1225,FR,high_net_worth
TXN01573,CUST1055,ACC_CUST1055,2026-07-17T19:02:30.073010,114.07,USD,withdrawal,branch,,SG,high_net_worth
TXN01574,CUST1193,ACC_CUST1193,2026-04-12T07:02:30.073010,19.03,USD,deposit,atm,,JP,corporate
TXN01575,CUST1120,ACC_CUST1120,2026-05-28T14:02:30.073010,28.9,USD,deposit,branch,,SG,corporate
TXN01576,CUST1003,ACC_CUST1003,2026-06-21T17:02:30.073010,81.12,USD,deposit,branch,,JP,high_net_worth
TXN01577,CUST1003,ACC_CUST1003,2026-05-15T18:02:30.073010,434.3,USD,transfer,wire,ACC_CUST1242,JP,high_net_worth
TXN01578,CUST1219,ACC_CUST1219,2026-05-10T10:02:30.073010,859.02,USD,transfer,atm,ACC_CUST1122,CH,retail
TXN01579,CUST1204,ACC_CUST1204,2026-05-15T18:02:30.073010,629.25,USD,deposit,atm,,SG,retail
TXN01580,CUST1051,ACC_CUST1051,2026-03-28T13:02:30.073010,17.8,USD,cash_deposit,online,,US,corporate
TXN01581,CUST1062,ACC_CUST1062,2026-07-17T15:02:30.073010,190.4,USD,transfer,online,ACC_CUST1188,JP,high_net_worth
TXN01582,CUST1243,ACC_CUST1243,2026-06-01T12:02:30.073010,1294.52,USD,withdrawal,branch,,GB,retail
TXN01583,CUST1164,ACC_CUST1164,2026-03-30T19:02:30.073010,349.9,USD,transfer,branch,ACC_CUST1166,GB,corporate
TXN01584,CUST1119,ACC_CUST1119,2026-06-13T14:02:30.073010,138.47,USD,cash_deposit,branch,,JP,corporate
TXN01585,CUST1243,ACC_CUST1243,2026-06-20T21:02:30.073010,114.38,USD,deposit,wire,,GB,retail
TXN01586,CUST1099,ACC_CUST1099,2026-06-27T03:02:30.073010,216.7,USD,deposit,online,,JP,corporate
TXN01587,CUST1044,ACC_CUST1044,2026-05-05T20:02:30.073010,690.19,USD,cash_deposit,online,,US,retail
TXN01588,CUST1059,ACC_CUST1059,2026-05-28T20:02:30.073010,81.34,USD,withdrawal,online,,US,high_net_worth
TXN01589,CUST1045,ACC_CUST1045,2026-04-10T12:02:30.073010,803.54,USD,deposit,online,,SG,retail
TXN01590,CUST1167,ACC_CUST1167,2026-07-21T11:02:30.073010,338.92,USD,transfer,online,ACC_CUST1131,CH,retail
TXN01591,CUST1063,ACC_CUST1063,2026-06-21T03:02:30.073010,486.22,USD,cash_deposit,branch,,FR,corporate
TXN01592,CUST1170,ACC_CUST1170,2026-07-17T06:02:30.073010,151.97,USD,deposit,atm,,CH,retail
TXN01593,CUST1195,ACC_CUST1195,2026-06-19T19:02:30.073010,85.91,USD,cash_deposit,online,,US,retail
TXN01594,CUST1059,ACC_CUST1059,2026-05-04T01:02:30.073010,134.76,USD,deposit,branch,,US,high_net_worth
TXN01595,CUST1096,ACC_CUST1096,2026-07-01T02:02:30.073010,934.18,USD,transfer,online,ACC_CUST1160,GB,retail
TXN01596,CUST1295,ACC_CUST1295,2026-06-29T23:02:30.073010,73.16,USD,transfer,branch,ACC_CUST1274,JP,corporate
TXN01597,CUST1198,ACC_CUST1198,2026-05-21T09:02:30.073010,336.96,USD,transfer,online,ACC_CUST1266,CH,corporate
TXN01598,CUST1113,ACC_CUST1113,2026-04-10T11:02:30.073010,123.91,USD,deposit,wire,,US,retail
TXN01599,CUST1151,ACC_CUST1151,2026-07-13T06:02:30.073010,57.85,USD,cash_deposit,wire,,GB,corporate
TXN01600,CUST1145,ACC_CUST1145,2026-04-15T22:02:30.073010,120.84,USD,deposit,atm,,CH,high_net_worth
TXN01601,CUST1063,ACC_CUST1063,2026-05-02T21:02:30.073010,214.97,USD,cash_deposit,online,,FR,corporate
TXN01602,CUST1192,ACC_CUST1192,2026-04-04T09:02:30.073010,575.3,USD,withdrawal,online,,GB,high_net_worth
TXN01603,CUST1115,ACC_CUST1115,2026-06-25T22:02:30.073010,593.01,USD,deposit,online,,GB,high_net_worth
TXN01604,CUST1200,ACC_CUST1200,2026-05-05T20:02:30.073010,248.18,USD,withdrawal,branch,,CH,retail
TXN01605,CUST1172,ACC_CUST1172,2026-05-21T20:02:30.073010,435.29,USD,cash_deposit,atm,,SG,retail
TXN01606,CUST1200,ACC_CUST1200,2026-04-06T15:02:30.073010,372.3,USD,transfer,atm,ACC_CUST1099,CH,retail
TXN01607,CUST1280,ACC_CUST1280,2026-05-17T02:02:30.073010,428.62,USD,withdrawal,atm,,JP,high_net_worth
TXN01608,CUST1297,ACC_CUST1297,2026-07-16T00:02:30.073010,268.23,USD,transfer,wire,ACC_CUST1083,CH,corporate
TXN01609,CUST1226,ACC_CUST1226,2026-06-25T14:02:30.073010,83.82,USD,transfer,online,ACC_CUST1107,CH,corporate
TXN01610,CUST1100,ACC_CUST1100,2026-06-30T19:02:30.073010,398.34,USD,deposit,atm,,US,high_net_worth
TXN01611,CUST1294,ACC_CUST1294,2026-04-10T20:02:30.073010,911.12,USD,withdrawal,wire,,SG,retail
TXN01612,CUST1218,ACC_CUST1218,2026-06-22T04:02:30.073010,141.82,USD,deposit,branch,,FR,corporate
TXN01613,CUST1242,ACC_CUST1242,2026-04-19T00:02:30.073010,279.97,USD,deposit,atm,,DE,high_net_worth
TXN01614,CUST1076,ACC_CUST1076,2026-06-16T22:02:30.073010,20.38,USD,cash_deposit,online,,US,corporate
TXN01615,CUST1123,ACC_CUST1123,2026-05-17T14:02:30.073010,458.63,USD,transfer,online,ACC_CUST1192,SG,retail
TXN01616,CUST1045,ACC_CUST1045,2026-07-05T13:02:30.073010,310.17,USD,cash_deposit,atm,,SG,retail
TXN01617,CUST1227,ACC_CUST1227,2026-05-13T23:02:30.073010,35.88,USD,deposit,branch,,JP,high_net_worth
TXN01618,CUST1250,ACC_CUST1250,2026-06-18T20:02:30.073010,275.18,USD,withdrawal,branch,,US,retail
TXN01619,CUST1293,ACC_CUST1293,2026-05-28T07:02:30.073010,155.33,USD,deposit,online,,US,corporate
TXN01620,CUST1222,ACC_CUST1222,2026-05-05T17:02:30.073010,128.01,USD,withdrawal,branch,,DE,high_net_worth
TXN01621,CUST1275,ACC_CUST1275,2026-04-20T11:02:30.073010,253.62,USD,deposit,wire,,US,corporate
TXN01622,CUST1274,ACC_CUST1274,2026-07-06T15:02:30.073010,229.5,USD,cash_deposit,branch,,US,corporate
TXN01623,CUST1299,ACC_CUST1299,2026-06-04T21:02:30.073010,1021.62,USD,deposit,online,,CH,retail
TXN01624,CUST1060,ACC_CUST1060,2026-04-20T18:02:30.073010,252.72,USD,withdrawal,branch,,SG,corporate
TXN01625,CUST1160,ACC_CUST1160,2026-04-12T00:02:30.073010,327.22,USD,withdrawal,online,,JP,high_net_worth
TXN01626,CUST1044,ACC_CUST1044,2026-06-07T07:02:30.073010,1182.54,USD,deposit,branch,,US,retail
TXN01627,CUST1259,ACC_CUST1259,2026-05-05T10:02:30.073010,1143.03,USD,withdrawal,wire,,GB,retail
TXN01628,CUST1000,ACC_CUST1000,2026-04-28T08:02:30.073010,332.9,USD,deposit,atm,,DE,high_net_worth
TXN01629,CUST1227,ACC_CUST1227,2026-04-14T17:02:30.073010,231.86,USD,cash_deposit,atm,,JP,high_net_worth
TXN01630,CUST1180,ACC_CUST1180,2026-06-13T16:02:30.073010,335.96,USD,withdrawal,branch,,FR,high_net_worth
TXN01631,CUST1022,ACC_CUST1022,2026-04-27T00:02:30.073010,116.88,USD,withdrawal,online,,US,high_net_worth
TXN01632,CUST1110,ACC_CUST1110,2026-04-14T18:02:30.073010,107.47,USD,withdrawal,atm,,GB,corporate
TXN01633,CUST1216,ACC_CUST1216,2026-04-06T16:02:30.073010,324.75,USD,transfer,atm,ACC_CUST1195,DE,high_net_worth
TXN01634,CUST1083,ACC_CUST1083,2026-05-18T13:02:30.073010,348.59,USD,deposit,atm,,SG,retail
TXN01635,CUST1073,ACC_CUST1073,2026-06-04T05:02:30.073010,1621.87,USD,deposit,atm,,FR,retail
TXN01636,CUST1098,ACC_CUST1098,2026-06-27T10:02:30.073010,527.06,USD,withdrawal,wire,,GB,corporate
TXN01637,CUST1161,ACC_CUST1161,2026-07-06T12:02:30.073010,1007.42,USD,cash_deposit,branch,,GB,retail
TXN01638,CUST1126,ACC_CUST1126,2026-04-06T07:02:30.073010,355.58,USD,deposit,branch,,SG,retail
TXN01639,CUST1208,ACC_CUST1208,2026-04-05T09:02:30.073010,729.88,USD,deposit,atm,,CH,high_net_worth
TXN01640,CUST1139,ACC_CUST1139,2026-04-15T06:02:30.073010,152.04,USD,transfer,branch,ACC_CUST1050,SG,high_net_worth
TXN01641,CUST1113,ACC_CUST1113,2026-05-15T02:02:30.073010,234.27,USD,deposit,online,,US,retail
TXN01642,CUST1156,ACC_CUST1156,2026-06-11T14:02:30.073010,371.65,USD,deposit,atm,,US,corporate
TXN01643,CUST1144,ACC_CUST1144,2026-06-06T07:02:30.073010,66.17,USD,deposit,branch,,FR,retail
TXN01644,CUST1199,ACC_CUST1199,2026-04-20T10:02:30.073010,279.17,USD,cash_deposit,wire,,FR,retail
TXN01645,CUST1132,ACC_CUST1132,2026-03-29T20:02:30.073010,56.18,USD,withdrawal,online,,CH,high_net_worth
TXN01646,CUST1290,ACC_CUST1290,2026-06-30T07:02:30.073010,378.79,USD,deposit,atm,,US,retail
TXN01647,CUST1127,ACC_CUST1127,2026-06-22T18:02:30.073010,70.67,USD,cash_deposit,wire,,US,high_net_worth
TXN01648,CUST1181,ACC_CUST1181,2026-07-08T13:02:30.073010,230.56,USD,transfer,atm,ACC_CUST1219,SG,corporate
TXN01649,CUST1117,ACC_CUST1117,2026-05-06T19:02:30.073010,166.52,USD,deposit,atm,,FR,retail
TXN01650,CUST1160,ACC_CUST1160,2026-07-14T01:02:30.073010,402.75,USD,deposit,branch,,JP,high_net_worth
TXN01651,CUST1047,ACC_CUST1047,2026-04-18T17:02:30.073010,418.08,USD,deposit,branch,,SG,retail
TXN01652,CUST1283,ACC_CUST1283,2026-07-24T14:02:30.073010,349.06,USD,deposit,wire,,SG,retail
TXN01653,CUST1069,ACC_CUST1069,2026-05-28T14:02:30.073010,14.2,USD,deposit,wire,,FR,high_net_worth
TXN01654,CUST1097,ACC_CUST1097,2026-07-22T22:02:30.073010,373.79,USD,deposit,wire,,DE,corporate
TXN01655,CUST1176,ACC_CUST1176,2026-04-28T22:02:30.073010,1012.71,USD,deposit,wire,,US,high_net_worth
TXN01656,CUST1268,ACC_CUST1268,2026-07-21T06:02:30.073010,147.21,USD,withdrawal,branch,,US,corporate
TXN01657,CUST1068,ACC_CUST1068,2026-06-01T10:02:30.073010,215.26,USD,deposit,wire,,JP,retail
TXN01658,CUST1087,ACC_CUST1087,2026-05-14T02:02:30.073010,580.69,USD,transfer,online,ACC_CUST1276,CH,high_net_worth
TXN01659,CUST1060,ACC_CUST1060,2026-05-04T08:02:30.073010,102.26,USD,cash_deposit,atm,,SG,corporate
TXN01660,CUST1001,ACC_CUST1001,2026-06-30T19:02:30.073010,779.4,USD,cash_deposit,online,,JP,retail
TXN01661,CUST1263,ACC_CUST1263,2026-07-11T00:02:30.073010,27.76,USD,cash_deposit,wire,,DE,high_net_worth
TXN01662,CUST1003,ACC_CUST1003,2026-06-14T13:02:30.073010,44.01,USD,transfer,atm,ACC_CUST1181,JP,high_net_worth
TXN01663,CUST1179,ACC_CUST1179,2026-07-19T22:02:30.073010,141.33,USD,withdrawal,wire,,CH,retail
TXN01664,CUST1051,ACC_CUST1051,2026-05-22T14:02:30.073010,235.93,USD,withdrawal,branch,,US,corporate
TXN01665,CUST1078,ACC_CUST1078,2026-05-19T02:02:30.073010,60.75,USD,cash_deposit,branch,,US,high_net_worth
TXN01666,CUST1128,ACC_CUST1128,2026-04-25T14:02:30.073010,116.7,USD,cash_deposit,atm,,CH,high_net_worth
TXN01667,CUST1219,ACC_CUST1219,2026-07-20T04:02:30.073010,330.38,USD,transfer,branch,ACC_CUST1224,CH,retail
TXN01668,CUST1224,ACC_CUST1224,2026-04-17T03:02:30.073010,143.53,USD,transfer,wire,ACC_CUST1002,CH,high_net_worth
TXN01669,CUST1101,ACC_CUST1101,2026-04-11T05:02:30.073010,160.53,USD,transfer,branch,ACC_CUST1068,US,high_net_worth
TXN01670,CUST1169,ACC_CUST1169,2026-07-21T00:02:30.073010,899.13,USD,withdrawal,online,,FR,corporate
TXN01671,CUST1136,ACC_CUST1136,2026-04-12T12:02:30.073010,492.56,USD,cash_deposit,wire,,US,corporate
TXN01672,CUST1065,ACC_CUST1065,2026-05-08T11:02:30.073010,44.87,USD,cash_deposit,online,,SG,retail
TXN01673,CUST1055,ACC_CUST1055,2026-07-06T23:02:30.073010,136.53,USD,withdrawal,online,,SG,high_net_worth
TXN01674,CUST1006,ACC_CUST1006,2026-07-04T20:02:30.073010,350.25,USD,withdrawal,branch,,US,retail
TXN01675,CUST1175,ACC_CUST1175,2026-05-21T18:02:30.073010,206.29,USD,deposit,wire,,SG,corporate
TXN01676,CUST1144,ACC_CUST1144,2026-05-29T01:02:30.073010,298.4,USD,cash_deposit,online,,FR,retail
TXN01677,CUST1261,ACC_CUST1261,2026-04-20T06:02:30.073010,1557.94,USD,transfer,branch,ACC_CUST1134,CH,retail
TXN01678,CUST1126,ACC_CUST1126,2026-06-21T12:02:30.073010,377.72,USD,withdrawal,wire,,SG,retail
TXN01679,CUST1052,ACC_CUST1052,2026-06-25T22:02:30.073010,1479.93,USD,withdrawal,online,,US,retail
TXN01680,CUST1076,ACC_CUST1076,2026-04-26T02:02:30.073010,21.74,USD,withdrawal,wire,,US,corporate
TXN01681,CUST1098,ACC_CUST1098,2026-07-24T03:02:30.073010,297.5,USD,cash_deposit,branch,,GB,corporate
TXN01682,CUST1046,ACC_CUST1046,2026-07-16T00:02:30.073010,233.31,USD,cash_deposit,wire,,CH,corporate
TXN01683,CUST1118,ACC_CUST1118,2026-04-25T09:02:30.073010,28.99,USD,cash_deposit,wire,,DE,high_net_worth
TXN01684,CUST1218,ACC_CUST1218,2026-06-18T00:02:30.073010,145.57,USD,transfer,branch,ACC_CUST1137,FR,corporate
TXN01685,CUST1179,ACC_CUST1179,2026-06-27T12:02:30.073010,686.44,USD,withdrawal,atm,,CH,retail
TXN01686,CUST1093,ACC_CUST1093,2026-04-01T23:02:30.073010,81.47,USD,deposit,atm,,FR,high_net_worth
TXN01687,CUST1241,ACC_CUST1241,2026-05-02T18:02:30.073010,71.31,USD,deposit,wire,,JP,retail
TXN01688,CUST1251,ACC_CUST1251,2026-05-13T09:02:30.073010,341.64,USD,transfer,branch,ACC_CUST1049,CH,retail
TXN01689,CUST1282,ACC_CUST1282,2026-07-04T03:02:30.073010,417.52,USD,transfer,atm,ACC_CUST1185,DE,high_net_worth
TXN01690,CUST1270,ACC_CUST1270,2026-06-13T10:02:30.073010,80.73,USD,withdrawal,atm,,GB,retail
TXN01691,CUST1196,ACC_CUST1196,2026-04-08T02:02:30.073010,22.57,USD,withdrawal,branch,,GB,retail
TXN01692,CUST1097,ACC_CUST1097,2026-04-21T21:02:30.073010,33.35,USD,cash_deposit,branch,,DE,corporate
TXN01693,CUST1279,ACC_CUST1279,2026-06-15T09:02:30.073010,238.79,USD,transfer,wire,ACC_CUST1103,CH,retail
TXN01694,CUST1078,ACC_CUST1078,2026-04-02T03:02:30.073010,249.88,USD,withdrawal,wire,,US,high_net_worth
TXN01695,CUST1129,ACC_CUST1129,2026-07-20T16:02:30.073010,308.17,USD,transfer,atm,ACC_CUST1229,JP,high_net_worth
TXN01696,CUST1060,ACC_CUST1060,2026-07-22T12:02:30.073010,172.9,USD,deposit,wire,,SG,corporate
TXN01697,CUST1257,ACC_CUST1257,2026-07-06T23:02:30.073010,367.92,USD,withdrawal,atm,,US,high_net_worth
TXN01698,CUST1066,ACC_CUST1066,2026-05-04T00:02:30.073010,414.95,USD,deposit,online,,US,high_net_worth
TXN01699,CUST1203,ACC_CUST1203,2026-05-30T20:02:30.073010,182.74,USD,deposit,online,,JP,retail
TXN01700,CUST1260,ACC_CUST1260,2026-05-16T16:02:30.073010,290.35,USD,cash_deposit,wire,,GB,high_net_worth
TXN01701,CUST1105,ACC_CUST1105,2026-04-19T23:02:30.073010,279.03,USD,withdrawal,online,,US,corporate
TXN01702,CUST1004,ACC_CUST1004,2026-07-18T15:02:30.073010,118.47,USD,cash_deposit,atm,,SG,corporate
TXN01703,CUST1112,ACC_CUST1112,2026-05-04T21:02:30.073010,86.05,USD,transfer,branch,ACC_CUST1087,GB,retail
TXN01704,CUST1273,ACC_CUST1273,2026-04-27T08:02:30.073010,864.43,USD,deposit,online,,GB,corporate
TXN01705,CUST1142,ACC_CUST1142,2026-07-24T03:02:30.073010,1377.95,USD,transfer,branch,ACC_CUST1127,GB,retail
TXN01706,CUST1107,ACC_CUST1107,2026-06-04T02:02:30.073010,310.46,USD,deposit,atm,,SG,retail
TXN01707,CUST1188,ACC_CUST1188,2026-05-08T01:02:30.073010,695.82,USD,transfer,online,ACC_CUST1209,DE,retail
TXN01708,CUST1150,ACC_CUST1150,2026-05-08T00:02:30.073010,84.26,USD,deposit,atm,,JP,retail
TXN01709,CUST1143,ACC_CUST1143,2026-04-19T07:02:30.073010,394.69,USD,deposit,branch,,SG,retail
TXN01710,CUST1195,ACC_CUST1195,2026-06-19T07:02:30.073010,84.78,USD,withdrawal,wire,,US,retail
TXN01711,CUST1137,ACC_CUST1137,2026-04-23T17:02:30.073010,187.21,USD,cash_deposit,online,,US,retail
TXN01712,CUST1222,ACC_CUST1222,2026-05-14T03:02:30.073010,215.53,USD,cash_deposit,branch,,DE,high_net_worth
TXN01713,CUST1235,ACC_CUST1235,2026-04-20T04:02:30.073010,871.29,USD,withdrawal,wire,,JP,retail
TXN01714,CUST1092,ACC_CUST1092,2026-06-18T08:02:30.073010,63.35,USD,deposit,atm,,DE,retail
TXN01715,CUST1090,ACC_CUST1090,2026-07-10T11:02:30.073010,56.48,USD,withdrawal,branch,,FR,high_net_worth
TXN01716,CUST1218,ACC_CUST1218,2026-04-28T13:02:30.073010,396.54,USD,cash_deposit,branch,,FR,corporate
TXN01717,CUST1070,ACC_CUST1070,2026-06-28T23:02:30.073010,155.35,USD,deposit,wire,,DE,retail
TXN01718,CUST1056,ACC_CUST1056,2026-07-10T23:02:30.073010,95.64,USD,deposit,online,,JP,retail
TXN01719,CUST1042,ACC_CUST1042,2026-05-01T03:02:30.073010,958.31,USD,deposit,branch,,GB,retail
TXN01720,CUST1054,ACC_CUST1054,2026-06-05T22:02:30.073010,54.98,USD,transfer,branch,ACC_CUST1103,DE,corporate
TXN01721,CUST1288,ACC_CUST1288,2026-07-20T13:02:30.073010,130.93,USD,withdrawal,atm,,FR,retail
TXN01722,CUST1079,ACC_CUST1079,2026-04-28T00:02:30.073010,532.76,USD,transfer,branch,ACC_CUST1010,DE,corporate
TXN01723,CUST1052,ACC_CUST1052,2026-06-05T08:02:30.073010,55.89,USD,deposit,wire,,US,retail
TXN01724,CUST1114,ACC_CUST1114,2026-03-31T06:02:30.073010,57.83,USD,cash_deposit,wire,,FR,high_net_worth
TXN01725,CUST1146,ACC_CUST1146,2026-04-25T20:02:30.073010,213.08,USD,cash_deposit,branch,,GB,retail
TXN01726,CUST1056,ACC_CUST1056,2026-04-25T02:02:30.073010,296.9,USD,transfer,atm,ACC_CUST1039,JP,retail
TXN01727,CUST1060,ACC_CUST1060,2026-05-13T01:02:30.073010,68.83,USD,deposit,online,,SG,corporate
TXN01728,CUST1271,ACC_CUST1271,2026-05-09T18:02:30.073010,58.83,USD,withdrawal,wire,,FR,retail
TXN01729,CUST1154,ACC_CUST1154,2026-06-15T08:02:30.073010,753.92,USD,transfer,branch,ACC_CUST1138,GB,corporate
TXN01730,CUST1188,ACC_CUST1188,2026-07-25T07:02:30.073010,603.53,USD,deposit,branch,,DE,retail
TXN01731,CUST1076,ACC_CUST1076,2026-07-05T19:02:30.073010,57.97,USD,withdrawal,atm,,US,corporate
TXN01732,CUST1228,ACC_CUST1228,2026-06-28T14:02:30.073010,268.71,USD,deposit,branch,,FR,high_net_worth
TXN01733,CUST1142,ACC_CUST1142,2026-04-15T01:02:30.073010,447.71,USD,transfer,online,ACC_CUST1093,GB,retail
TXN01734,CUST1180,ACC_CUST1180,2026-05-07T14:02:30.073010,364.68,USD,cash_deposit,wire,,FR,high_net_worth
TXN01735,CUST1211,ACC_CUST1211,2026-06-13T19:02:30.073010,154.96,USD,transfer,online,ACC_CUST1125,JP,high_net_worth
TXN01736,CUST1281,ACC_CUST1281,2026-05-30T16:02:30.073010,155.66,USD,cash_deposit,online,,GB,high_net_worth
TXN01737,CUST1297,ACC_CUST1297,2026-06-27T12:02:30.073010,90.44,USD,withdrawal,branch,,CH,corporate
TXN01738,CUST1001,ACC_CUST1001,2026-04-22T23:02:30.073010,771.13,USD,transfer,wire,ACC_CUST1068,JP,retail
TXN01739,CUST1030,ACC_CUST1030,2026-07-22T10:02:30.073010,195.07,USD,transfer,online,ACC_CUST1150,DE,corporate
TXN01740,CUST1282,ACC_CUST1282,2026-07-25T12:02:30.073010,537.77,USD,withdrawal,online,,DE,high_net_worth
TXN01741,CUST1028,ACC_CUST1028,2026-07-01T03:02:30.073010,152.18,USD,deposit,online,,JP,high_net_worth
TXN01742,CUST1013,ACC_CUST1013,2026-06-25T12:02:30.073010,336.08,USD,transfer,branch,ACC_CUST1054,JP,retail
TXN01743,CUST1037,ACC_CUST1037,2026-05-28T18:02:30.073010,57.66,USD,withdrawal,branch,,CH,high_net_worth
TXN01744,CUST1072,ACC_CUST1072,2026-04-07T06:02:30.073010,262.62,USD,deposit,branch,,SG,retail
TXN01745,CUST1213,ACC_CUST1213,2026-04-16T04:02:30.073010,423.63,USD,cash_deposit,online,,JP,high_net_worth
TXN01746,CUST1153,ACC_CUST1153,2026-05-27T12:02:30.073010,111.39,USD,transfer,wire,ACC_CUST1006,DE,high_net_worth
TXN01747,CUST1079,ACC_CUST1079,2026-04-04T19:02:30.073010,219.93,USD,deposit,online,,DE,corporate
TXN01748,CUST1005,ACC_CUST1005,2026-05-17T12:02:30.073010,764.55,USD,cash_deposit,atm,,US,retail
TXN01749,CUST1256,ACC_CUST1256,2026-05-06T21:02:30.073010,814.06,USD,withdrawal,wire,,JP,corporate
TXN01750,CUST1139,ACC_CUST1139,2026-04-08T15:02:30.073010,417.76,USD,cash_deposit,online,,SG,high_net_worth
TXN01751,CUST1205,ACC_CUST1205,2026-06-15T00:02:30.073010,70.89,USD,withdrawal,wire,,JP,high_net_worth
TXN01752,CUST1286,ACC_CUST1286,2026-06-13T01:02:30.073010,122.71,USD,cash_deposit,wire,,DE,high_net_worth
TXN01753,CUST1207,ACC_CUST1207,2026-07-11T11:02:30.073010,497.88,USD,withdrawal,branch,,SG,retail
TXN01754,CUST1217,ACC_CUST1217,2026-04-21T07:02:30.073010,34.3,USD,deposit,branch,,US,high_net_worth
TXN01755,CUST1171,ACC_CUST1171,2026-03-31T06:02:30.073010,43.77,USD,transfer,online,ACC_CUST1277,DE,corporate
TXN01756,CUST1108,ACC_CUST1108,2026-06-11T23:02:30.073010,77.59,USD,transfer,online,ACC_CUST1282,FR,retail
TXN01757,CUST1016,ACC_CUST1016,2026-04-27T07:02:30.073010,258.85,USD,deposit,branch,,DE,retail
TXN01758,CUST1247,ACC_CUST1247,2026-04-02T00:02:30.073010,12.55,USD,transfer,branch,ACC_CUST1158,JP,high_net_worth
TXN01759,CUST1182,ACC_CUST1182,2026-07-02T08:02:30.073010,123.27,USD,cash_deposit,online,,US,high_net_worth
TXN01760,CUST1200,ACC_CUST1200,2026-06-28T10:02:30.073010,130.73,USD,withdrawal,branch,,CH,retail
TXN01761,CUST1257,ACC_CUST1257,2026-04-09T15:02:30.073010,275.42,USD,withdrawal,branch,,US,high_net_worth
TXN01762,CUST1195,ACC_CUST1195,2026-05-28T17:02:30.073010,62.74,USD,deposit,atm,,US,retail
TXN01763,CUST1237,ACC_CUST1237,2026-04-07T19:02:30.073010,657.29,USD,deposit,online,,JP,corporate
TXN01764,CUST1072,ACC_CUST1072,2026-07-04T21:02:30.073010,187.98,USD,withdrawal,atm,,SG,retail
TXN01765,CUST1067,ACC_CUST1067,2026-05-10T08:02:30.073010,674.04,USD,transfer,wire,ACC_CUST1020,CH,retail
TXN01766,CUST1198,ACC_CUST1198,2026-04-27T05:02:30.073010,261.04,USD,deposit,online,,CH,corporate
TXN01767,CUST1254,ACC_CUST1254,2026-04-08T23:02:30.073010,247.65,USD,withdrawal,atm,,GB,high_net_worth
TXN01768,CUST1044,ACC_CUST1044,2026-05-30T02:02:30.073010,65.8,USD,cash_deposit,atm,,US,retail
TXN01769,CUST1151,ACC_CUST1151,2026-04-17T01:02:30.073010,38.04,USD,transfer,atm,ACC_CUST1180,GB,corporate
TXN01770,CUST1091,ACC_CUST1091,2026-06-26T13:02:30.073010,442.09,USD,transfer,wire,ACC_CUST1131,GB,high_net_worth
TXN01771,CUST1226,ACC_CUST1226,2026-06-19T03:02:30.073010,22.12,USD,deposit,wire,,CH,corporate
TXN01772,CUST1146,ACC_CUST1146,2026-05-18T12:02:30.073010,147.06,USD,withdrawal,wire,,GB,retail
TXN01773,CUST1160,ACC_CUST1160,2026-05-14T01:02:30.073010,101.48,USD,cash_deposit,wire,,JP,high_net_worth
TXN01774,CUST1021,ACC_CUST1021,2026-06-15T19:02:30.073010,370.94,USD,deposit,online,,DE,high_net_worth
TXN01775,CUST1287,ACC_CUST1287,2026-03-29T03:02:30.073010,151.4,USD,deposit,atm,,SG,corporate
TXN01776,CUST1291,ACC_CUST1291,2026-05-18T01:02:30.073010,631.82,USD,withdrawal,wire,,CH,retail
TXN01777,CUST1047,ACC_CUST1047,2026-05-11T13:02:30.073010,44.66,USD,cash_deposit,wire,,SG,retail
TXN01778,CUST1092,ACC_CUST1092,2026-06-29T02:02:30.073010,76.74,USD,cash_deposit,wire,,DE,retail
TXN01779,CUST1168,ACC_CUST1168,2026-04-05T09:02:30.073010,373.49,USD,transfer,wire,ACC_CUST1108,GB,corporate
TXN01780,CUST1243,ACC_CUST1243,2026-04-11T07:02:30.073010,246.29,USD,cash_deposit,branch,,GB,retail
TXN01781,CUST1240,ACC_CUST1240,2026-04-15T19:02:30.073010,261.94,USD,withdrawal,atm,,FR,high_net_worth
TXN01782,CUST1194,ACC_CUST1194,2026-04-04T10:02:30.073010,82.02,USD,cash_deposit,wire,,JP,corporate
TXN01783,CUST1108,ACC_CUST1108,2026-07-16T23:02:30.073010,97.13,USD,cash_deposit,atm,,FR,retail
TXN01784,CUST1090,ACC_CUST1090,2026-04-07T03:02:30.073010,165.79,USD,deposit,atm,,FR,high_net_worth
TXN01785,CUST1152,ACC_CUST1152,2026-07-17T21:02:30.073010,233.19,USD,cash_deposit,wire,,SG,corporate
TXN01786,CUST1132,ACC_CUST1132,2026-04-20T00:02:30.073010,135.57,USD,deposit,wire,,CH,high_net_worth
TXN01787,CUST1152,ACC_CUST1152,2026-04-18T05:02:30.073010,203.59,USD,transfer,wire,ACC_CUST1246,SG,corporate
TXN01788,CUST1082,ACC_CUST1082,2026-06-25T12:02:30.073010,256.91,USD,transfer,wire,ACC_CUST1005,SG,corporate
TXN01789,CUST1101,ACC_CUST1101,2026-04-06T22:02:30.073010,337.25,USD,withdrawal,atm,,US,high_net_worth
TXN01790,CUST1162,ACC_CUST1162,2026-03-29T03:02:30.073010,217.61,USD,cash_deposit,online,,US,high_net_worth
TXN01791,CUST1162,ACC_CUST1162,2026-04-11T20:02:30.073010,230.62,USD,cash_deposit,atm,,US,high_net_worth
TXN01792,CUST1001,ACC_CUST1001,2026-05-24T03:02:30.073010,21.15,USD,cash_deposit,branch,,JP,retail
TXN01793,CUST1096,ACC_CUST1096,2026-05-20T21:02:30.073010,83.06,USD,withdrawal,wire,,GB,retail
TXN01794,CUST1107,ACC_CUST1107,2026-04-21T20:02:30.073010,514.25,USD,deposit,atm,,SG,retail
TXN01795,CUST1008,ACC_CUST1008,2026-05-05T08:02:30.073010,324.02,USD,deposit,wire,,SG,high_net_worth
TXN01796,CUST1233,ACC_CUST1233,2026-05-19T12:02:30.073010,176.46,USD,transfer,atm,ACC_CUST1277,US,retail
TXN01797,CUST1171,ACC_CUST1171,2026-04-11T04:02:30.073010,150.1,USD,cash_deposit,wire,,DE,corporate
TXN01798,CUST1283,ACC_CUST1283,2026-06-12T04:02:30.073010,110.65,USD,cash_deposit,wire,,SG,retail
TXN01799,CUST1223,ACC_CUST1223,2026-06-17T08:02:30.073010,501.88,USD,deposit,branch,,JP,retail
TXN01800,CUST1053,ACC_CUST1053,2026-04-08T19:02:30.073010,42.84,USD,deposit,wire,,SG,high_net_worth
TXN01801,CUST1278,ACC_CUST1278,2026-04-09T19:02:30.073010,340.52,USD,cash_deposit,branch,,GB,high_net_worth
TXN01802,CUST1215,ACC_CUST1215,2026-04-24T06:02:30.073010,46.48,USD,cash_deposit,wire,,FR,corporate
TXN01803,CUST1240,ACC_CUST1240,2026-04-12T10:02:30.073010,725.77,USD,cash_deposit,wire,,FR,high_net_worth
TXN01804,CUST1202,ACC_CUST1202,2026-03-28T10:02:30.073010,103.43,USD,withdrawal,atm,,GB,high_net_worth
TXN01805,CUST1135,ACC_CUST1135,2026-05-06T12:02:30.073010,701.34,USD,withdrawal,branch,,GB,corporate
TXN01806,CUST1212,ACC_CUST1212,2026-03-31T23:02:30.073010,478.92,USD,deposit,online,,FR,corporate
TXN01807,CUST1265,ACC_CUST1265,2026-07-10T22:02:30.073010,969.43,USD,transfer,atm,ACC_CUST1087,JP,corporate
TXN01808,CUST1220,ACC_CUST1220,2026-04-27T16:02:30.073010,297.34,USD,cash_deposit,online,,GB,high_net_worth
TXN01809,CUST1201,ACC_CUST1201,2026-07-12T00:02:30.073010,851.0,USD,cash_deposit,online,,US,retail
TXN01810,CUST1199,ACC_CUST1199,2026-06-29T04:02:30.073010,228.49,USD,cash_deposit,atm,,FR,retail
TXN01811,CUST1223,ACC_CUST1223,2026-04-26T02:02:30.073010,309.45,USD,withdrawal,branch,,JP,retail
TXN01812,CUST1200,ACC_CUST1200,2026-07-13T19:02:30.073010,78.36,USD,transfer,online,ACC_CUST1165,CH,retail
TXN01813,CUST1047,ACC_CUST1047,2026-03-31T12:02:30.073010,18.46,USD,deposit,online,,SG,retail
TXN01814,CUST1278,ACC_CUST1278,2026-07-23T01:02:30.073010,416.83,USD,cash_deposit,branch,,GB,high_net_worth
TXN01815,CUST1066,ACC_CUST1066,2026-05-25T19:02:30.073010,327.12,USD,transfer,online,ACC_CUST1122,US,high_net_worth
TXN01816,CUST1113,ACC_CUST1113,2026-05-05T05:02:30.073010,451.41,USD,withdrawal,wire,,US,retail
TXN01817,CUST1026,ACC_CUST1026,2026-05-02T01:02:30.073010,315.15,USD,withdrawal,branch,,DE,high_net_worth
TXN01818,CUST1296,ACC_CUST1296,2026-07-16T02:02:30.073010,796.01,USD,deposit,wire,,SG,retail
TXN01819,CUST1062,ACC_CUST1062,2026-04-10T03:02:30.073010,39.21,USD,transfer,atm,ACC_CUST1092,JP,high_net_worth
TXN01820,CUST1253,ACC_CUST1253,2026-07-14T10:02:30.073010,41.83,USD,withdrawal,wire,,DE,retail
TXN01821,CUST1011,ACC_CUST1011,2026-05-19T01:02:30.073010,80.83,USD,cash_deposit,branch,,US,high_net_worth
TXN01822,CUST1214,ACC_CUST1214,2026-05-15T09:02:30.073010,69.46,USD,cash_deposit,online,,JP,retail
TXN01823,CUST1005,ACC_CUST1005,2026-07-21T04:02:30.073010,1127.86,USD,deposit,branch,,US,retail
TXN01824,CUST1177,ACC_CUST1177,2026-05-28T18:02:30.073010,231.29,USD,deposit,online,,US,retail
TXN01825,CUST1130,ACC_CUST1130,2026-07-24T02:02:30.073010,240.33,USD,withdrawal,branch,,SG,corporate
TXN01826,CUST1265,ACC_CUST1265,2026-06-01T03:02:30.073010,46.58,USD,withdrawal,atm,,JP,corporate
TXN01827,CUST1111,ACC_CUST1111,2026-03-31T09:02:30.073010,36.14,USD,withdrawal,online,,FR,corporate
TXN01828,CUST1064,ACC_CUST1064,2026-05-01T07:02:30.073010,928.75,USD,cash_deposit,online,,US,high_net_worth
TXN01829,CUST1178,ACC_CUST1178,2026-06-26T16:02:30.073010,181.84,USD,transfer,wire,ACC_CUST1253,US,high_net_worth
TXN01830,CUST1204,ACC_CUST1204,2026-07-24T05:02:30.073010,358.52,USD,transfer,online,ACC_CUST1101,SG,retail
TXN01831,CUST1143,ACC_CUST1143,2026-05-17T02:02:30.073010,932.19,USD,transfer,online,ACC_CUST1105,SG,retail
TXN01832,CUST1249,ACC_CUST1249,2026-05-22T13:02:30.073010,517.67,USD,cash_deposit,atm,,FR,retail
TXN01833,CUST1055,ACC_CUST1055,2026-06-13T11:02:30.073010,261.2,USD,cash_deposit,online,,SG,high_net_worth
TXN01834,CUST1191,ACC_CUST1191,2026-07-20T19:02:30.073010,64.91,USD,deposit,wire,,GB,retail
TXN01835,CUST1017,ACC_CUST1017,2026-06-01T07:02:30.073010,287.81,USD,cash_deposit,atm,,DE,retail
TXN01836,CUST1271,ACC_CUST1271,2026-05-12T11:02:30.073010,69.5,USD,deposit,branch,,FR,retail
TXN01837,CUST1165,ACC_CUST1165,2026-05-21T04:02:30.073010,82.69,USD,transfer,online,ACC_CUST1037,JP,high_net_worth
TXN01838,CUST1190,ACC_CUST1190,2026-05-14T03:02:30.073010,125.08,USD,transfer,branch,ACC_CUST1004,US,high_net_worth
TXN01839,CUST1005,ACC_CUST1005,2026-06-27T09:02:30.073010,261.43,USD,withdrawal,wire,,US,retail
TXN01840,CUST1164,ACC_CUST1164,2026-07-21T06:02:30.073010,110.06,USD,deposit,wire,,GB,corporate
TXN01841,CUST1108,ACC_CUST1108,2026-06-03T05:02:30.073010,387.92,USD,deposit,atm,,FR,retail
TXN01842,CUST1038,ACC_CUST1038,2026-06-09T19:02:30.073010,124.72,USD,cash_deposit,wire,,CH,corporate
TXN01843,CUST1163,ACC_CUST1163,2026-04-22T05:02:30.073010,217.14,USD,deposit,wire,,US,high_net_worth
TXN01844,CUST1140,ACC_CUST1140,2026-05-20T02:02:30.073010,66.31,USD,deposit,wire,,FR,corporate
TXN01845,CUST1167,ACC_CUST1167,2026-06-11T11:02:30.073010,110.66,USD,withdrawal,branch,,CH,retail
TXN01846,CUST1294,ACC_CUST1294,2026-03-28T13:02:30.073010,21.31,USD,transfer,online,ACC_CUST1206,SG,retail
TXN01847,CUST1273,ACC_CUST1273,2026-07-23T15:02:30.073010,320.5,USD,deposit,atm,,GB,corporate
TXN01848,CUST1035,ACC_CUST1035,2026-05-27T02:02:30.073010,106.34,USD,cash_deposit,atm,,JP,retail
TXN01849,CUST1177,ACC_CUST1177,2026-05-18T01:02:30.073010,159.93,USD,transfer,wire,ACC_CUST1024,US,retail
TXN01850,CUST1232,ACC_CUST1232,2026-05-30T19:02:30.073010,842.76,USD,deposit,atm,,CH,corporate
TXN01851,CUST1052,ACC_CUST1052,2026-03-31T06:02:30.073010,54.81,USD,deposit,branch,,US,retail
TXN01852,CUST1165,ACC_CUST1165,2026-07-16T21:02:30.073010,65.97,USD,cash_deposit,online,,JP,high_net_worth
TXN01853,CUST1097,ACC_CUST1097,2026-06-28T10:02:30.073010,100.2,USD,deposit,branch,,DE,corporate
TXN01854,CUST1022,ACC_CUST1022,2026-04-11T00:02:30.073010,129.84,USD,transfer,branch,ACC_CUST1135,US,high_net_worth
TXN01855,CUST1194,ACC_CUST1194,2026-05-01T21:02:30.073010,272.73,USD,withdrawal,online,,JP,corporate
TXN01856,CUST1061,ACC_CUST1061,2026-04-13T09:02:30.073010,313.93,USD,withdrawal,wire,,US,high_net_worth
TXN01857,CUST1062,ACC_CUST1062,2026-06-02T15:02:30.073010,334.76,USD,withdrawal,wire,,JP,high_net_worth
TXN01858,CUST1143,ACC_CUST1143,2026-05-08T22:02:30.073010,38.89,USD,cash_deposit,online,,SG,retail
TXN01859,CUST1151,ACC_CUST1151,2026-06-27T01:02:30.073010,366.2,USD,transfer,online,ACC_CUST1105,GB,corporate
TXN01860,CUST1038,ACC_CUST1038,2026-05-30T00:02:30.073010,343.05,USD,withdrawal,branch,,CH,corporate
TXN01861,CUST1239,ACC_CUST1239,2026-07-10T11:02:30.073010,43.12,USD,withdrawal,wire,,FR,high_net_worth
TXN01862,CUST1106,ACC_CUST1106,2026-07-10T17:02:30.073010,329.51,USD,transfer,atm,ACC_CUST1232,US,retail
TXN01863,CUST1258,ACC_CUST1258,2026-04-10T03:02:30.073010,156.12,USD,withdrawal,atm,,JP,corporate
TXN01864,CUST1231,ACC_CUST1231,2026-07-17T18:02:30.073010,72.46,USD,withdrawal,wire,,JP,high_net_worth
TXN01865,CUST1142,ACC_CUST1142,2026-05-21T04:02:30.073010,195.39,USD,transfer,branch,ACC_CUST1075,GB,retail
TXN01866,CUST1054,ACC_CUST1054,2026-07-01T02:02:30.073010,683.57,USD,withdrawal,branch,,DE,corporate
TXN01867,CUST1095,ACC_CUST1095,2026-04-30T23:02:30.073010,140.14,USD,cash_deposit,wire,,CH,retail
TXN01868,CUST1060,ACC_CUST1060,2026-07-24T16:02:30.073010,179.41,USD,deposit,atm,,SG,corporate
TXN01869,CUST1077,ACC_CUST1077,2026-05-17T15:02:30.073010,26.39,USD,cash_deposit,atm,,SG,corporate
TXN01870,CUST1139,ACC_CUST1139,2026-05-14T02:02:30.073010,405.03,USD,deposit,wire,,SG,high_net_worth
TXN01871,CUST1216,ACC_CUST1216,2026-04-21T08:02:30.073010,68.31,USD,withdrawal,wire,,DE,high_net_worth
TXN01872,CUST1141,ACC_CUST1141,2026-06-03T18:02:30.073010,44.69,USD,cash_deposit,wire,,GB,retail
TXN01873,CUST1025,ACC_CUST1025,2026-06-18T06:02:30.073010,46.71,USD,deposit,online,,US,retail
TXN01874,CUST1018,ACC_CUST1018,2026-06-09T07:02:30.073010,237.87,USD,withdrawal,branch,,DE,retail
TXN01875,CUST1141,ACC_CUST1141,2026-04-25T18:02:30.073010,159.71,USD,cash_deposit,wire,,GB,retail
TXN01876,CUST1112,ACC_CUST1112,2026-06-29T21:02:30.073010,66.27,USD,transfer,wire,ACC_CUST1105,GB,retail
TXN01877,CUST1104,ACC_CUST1104,2026-05-11T19:02:30.073010,39.7,USD,transfer,atm,ACC_CUST1001,SG,high_net_worth
TXN01878,CUST1257,ACC_CUST1257,2026-07-22T21:02:30.073010,584.31,USD,cash_deposit,atm,,US,high_net_worth
TXN01879,CUST1122,ACC_CUST1122,2026-04-18T09:02:30.073010,72.23,USD,deposit,online,,GB,corporate
TXN01880,CUST1233,ACC_CUST1233,2026-04-14T23:02:30.073010,131.96,USD,cash_deposit,wire,,US,retail
TXN01881,CUST1090,ACC_CUST1090,2026-04-30T01:02:30.073010,280.42,USD,withdrawal,branch,,FR,high_net_worth
TXN01882,CUST1242,ACC_CUST1242,2026-06-09T23:02:30.073010,201.92,USD,cash_deposit,online,,DE,high_net_worth
TXN01883,CUST1023,ACC_CUST1023,2026-07-09T23:02:30.073010,219.84,USD,transfer,online,ACC_CUST1268,FR,retail
TXN01884,CUST1075,ACC_CUST1075,2026-07-05T02:02:30.073010,498.73,USD,deposit,atm,,SG,corporate
TXN01885,CUST1171,ACC_CUST1171,2026-05-24T14:02:30.073010,97.72,USD,transfer,atm,ACC_CUST1249,DE,corporate
TXN01886,CUST1234,ACC_CUST1234,2026-03-29T10:02:30.073010,456.87,USD,transfer,atm,ACC_CUST1265,DE,retail
TXN01887,CUST1247,ACC_CUST1247,2026-04-11T07:02:30.073010,1163.83,USD,deposit,online,,JP,high_net_worth
TXN01888,CUST1112,ACC_CUST1112,2026-06-20T03:02:30.073010,94.06,USD,transfer,wire,ACC_CUST1015,GB,retail
TXN01889,CUST1220,ACC_CUST1220,2026-05-13T05:02:30.073010,770.16,USD,deposit,online,,GB,high_net_worth
TXN01890,CUST1193,ACC_CUST1193,2026-06-17T02:02:30.073010,67.69,USD,transfer,wire,ACC_CUST1269,JP,corporate
TXN01891,CUST1178,ACC_CUST1178,2026-07-19T09:02:30.073010,881.58,USD,cash_deposit,wire,,US,high_net_worth
TXN01892,CUST1141,ACC_CUST1141,2026-05-06T05:02:30.073010,549.04,USD,deposit,atm,,GB,retail
TXN01893,CUST1062,ACC_CUST1062,2026-05-22T13:02:30.073010,1056.71,USD,transfer,atm,ACC_CUST1056,JP,high_net_worth
TXN01894,CUST1255,ACC_CUST1255,2026-07-24T20:02:30.073010,352.7,USD,withdrawal,wire,,GB,retail
TXN01895,CUST1267,ACC_CUST1267,2026-05-04T18:02:30.073010,210.14,USD,withdrawal,atm,,GB,corporate
TXN01896,CUST1033,ACC_CUST1033,2026-07-08T08:02:30.073010,22.54,USD,deposit,wire,,CH,high_net_worth
TXN01897,CUST1144,ACC_CUST1144,2026-07-11T17:02:30.073010,211.04,USD,deposit,branch,,FR,retail
TXN01898,CUST1002,ACC_CUST1002,2026-05-22T10:02:30.073010,96.88,USD,deposit,branch,,JP,retail
TXN01899,CUST1179,ACC_CUST1179,2026-07-18T08:02:30.073010,384.69,USD,withdrawal,branch,,CH,retail
TXN01900,CUST1073,ACC_CUST1073,2026-06-29T05:02:30.073010,113.09,USD,cash_deposit,branch,,FR,retail
TXN01901,CUST1016,ACC_CUST1016,2026-05-27T10:02:30.073010,174.75,USD,withdrawal,wire,,DE,retail
TXN01902,CUST1050,ACC_CUST1050,2026-07-20T07:02:30.073010,258.97,USD,transfer,atm,ACC_CUST1088,GB,high_net_worth
TXN01903,CUST1165,ACC_CUST1165,2026-07-08T17:02:30.073010,96.31,USD,withdrawal,online,,JP,high_net_worth
TXN01904,CUST1213,ACC_CUST1213,2026-06-06T05:02:30.073010,115.86,USD,transfer,atm,ACC_CUST1043,JP,high_net_worth
TXN01905,CUST1236,ACC_CUST1236,2026-06-05T04:02:30.073010,40.29,USD,cash_deposit,wire,,US,retail
TXN01906,CUST1269,ACC_CUST1269,2026-05-23T21:02:30.073010,141.18,USD,transfer,atm,ACC_CUST1239,US,retail
TXN01907,CUST1238,ACC_CUST1238,2026-05-20T12:02:30.073010,741.03,USD,cash_deposit,branch,,DE,retail
TXN01908,CUST1013,ACC_CUST1013,2026-07-04T12:02:30.073010,296.52,USD,deposit,online,,JP,retail
TXN01909,CUST1154,ACC_CUST1154,2026-07-06T06:02:30.073010,700.51,USD,transfer,online,ACC_CUST1278,GB,corporate
TXN01910,CUST1150,ACC_CUST1150,2026-04-03T11:02:30.073010,342.67,USD,withdrawal,wire,,JP,retail
TXN01911,CUST1236,ACC_CUST1236,2026-07-09T15:02:30.073010,36.54,USD,cash_deposit,branch,,US,retail
TXN01912,CUST1138,ACC_CUST1138,2026-07-12T19:02:30.073010,280.67,USD,deposit,atm,,CH,retail
TXN01913,CUST1148,ACC_CUST1148,2026-06-08T14:02:30.073010,414.67,USD,transfer,branch,ACC_CUST1062,CH,corporate
TXN01914,CUST1261,ACC_CUST1261,2026-06-30T21:02:30.073010,227.86,USD,deposit,online,,CH,retail
TXN01915,CUST1287,ACC_CUST1287,2026-06-30T14:02:30.073010,686.29,USD,withdrawal,online,,SG,corporate
TXN01916,CUST1079,ACC_CUST1079,2026-05-05T19:02:30.073010,303.18,USD,transfer,branch,ACC_CUST1248,DE,corporate
TXN01917,CUST1102,ACC_CUST1102,2026-04-11T01:02:30.073010,287.74,USD,deposit,online,,DE,high_net_worth
TXN01918,CUST1061,ACC_CUST1061,2026-06-02T02:02:30.073010,42.81,USD,withdrawal,online,,US,high_net_worth
TXN01919,CUST1012,ACC_CUST1012,2026-07-12T15:02:30.073010,27.18,USD,cash_deposit,wire,,JP,high_net_worth
TXN01920,CUST1062,ACC_CUST1062,2026-05-05T11:02:30.073010,524.89,USD,cash_deposit,online,,JP,high_net_worth
TXN01921,CUST1279,ACC_CUST1279,2026-04-30T18:02:30.073010,179.88,USD,cash_deposit,branch,,CH,retail
TXN01922,CUST1011,ACC_CUST1011,2026-04-20T03:02:30.073010,224.93,USD,withdrawal,online,,US,high_net_worth
TXN01923,CUST1279,ACC_CUST1279,2026-04-22T14:02:30.073010,112.51,USD,cash_deposit,atm,,CH,retail
TXN01924,CUST1051,ACC_CUST1051,2026-06-11T14:02:30.073010,156.24,USD,transfer,atm,ACC_CUST1200,US,corporate
TXN01925,CUST1054,ACC_CUST1054,2026-05-26T12:02:30.073010,18.51,USD,cash_deposit,online,,DE,corporate
TXN01926,CUST1234,ACC_CUST1234,2026-04-12T17:02:30.073010,270.63,USD,cash_deposit,branch,,DE,retail
TXN01927,CUST1017,ACC_CUST1017,2026-06-18T19:02:30.073010,726.14,USD,cash_deposit,branch,,DE,retail
TXN01928,CUST1181,ACC_CUST1181,2026-04-14T13:02:30.073010,12.75,USD,cash_deposit,atm,,SG,corporate
TXN01929,CUST1081,ACC_CUST1081,2026-05-12T15:02:30.073010,708.53,USD,withdrawal,atm,,SG,corporate
TXN01930,CUST1268,ACC_CUST1268,2026-05-16T15:02:30.073010,330.06,USD,deposit,online,,US,corporate
TXN01931,CUST1180,ACC_CUST1180,2026-06-19T22:02:30.073010,107.86,USD,transfer,wire,ACC_CUST1071,FR,high_net_worth
TXN01932,CUST1155,ACC_CUST1155,2026-07-24T11:02:30.073010,151.73,USD,deposit,wire,,JP,high_net_worth
TXN01933,CUST1241,ACC_CUST1241,2026-06-13T20:02:30.073010,51.58,USD,withdrawal,atm,,JP,retail
TXN01934,CUST1165,ACC_CUST1165,2026-06-11T17:02:30.073010,23.79,USD,transfer,wire,ACC_CUST1034,JP,high_net_worth
TXN01935,CUST1081,ACC_CUST1081,2026-04-26T02:02:30.073010,826.5,USD,deposit,wire,,SG,corporate
TXN01936,CUST1243,ACC_CUST1243,2026-05-08T06:02:30.073010,700.16,USD,withdrawal,branch,,GB,retail
TXN01937,CUST1089,ACC_CUST1089,2026-06-29T11:02:30.073010,29.18,USD,cash_deposit,branch,,GB,retail
TXN01938,CUST1128,ACC_CUST1128,2026-04-11T00:02:30.073010,442.35,USD,deposit,wire,,CH,high_net_worth
TXN01939,CUST1015,ACC_CUST1015,2026-07-24T04:02:30.073010,152.27,USD,transfer,branch,ACC_CUST1230,FR,corporate
TXN01940,CUST1293,ACC_CUST1293,2026-06-07T05:02:30.073010,212.65,USD,withdrawal,atm,,US,corporate
TXN01941,CUST1146,ACC_CUST1146,2026-04-25T05:02:30.073010,514.34,USD,withdrawal,wire,,GB,retail
TXN01942,CUST1098,ACC_CUST1098,2026-04-08T17:02:30.073010,78.27,USD,deposit,branch,,GB,corporate
TXN01943,CUST1071,ACC_CUST1071,2026-07-19T23:02:30.073010,247.28,USD,transfer,wire,ACC_CUST1290,US,corporate
TXN01944,CUST1036,ACC_CUST1036,2026-05-10T04:02:30.073010,545.86,USD,cash_deposit,online,,SG,retail
TXN01945,CUST1292,ACC_CUST1292,2026-07-11T14:02:30.073010,586.06,USD,transfer,atm,ACC_CUST1286,DE,high_net_worth
TXN01946,CUST1034,ACC_CUST1034,2026-05-23T12:02:30.073010,262.6,USD,cash_deposit,branch,,CH,corporate
TXN01947,CUST1065,ACC_CUST1065,2026-07-06T15:02:30.073010,217.17,USD,transfer,branch,ACC_CUST1060,SG,retail
TXN01948,CUST1026,ACC_CUST1026,2026-06-12T16:02:30.073010,526.66,USD,transfer,branch,ACC_CUST1114,DE,high_net_worth
TXN01949,CUST1148,ACC_CUST1148,2026-07-24T07:02:30.073010,31.11,USD,cash_deposit,atm,,CH,corporate
TXN01950,CUST1080,ACC_CUST1080,2026-05-03T01:02:30.073010,162.86,USD,withdrawal,atm,,CH,retail
TXN01951,CUST1029,ACC_CUST1029,2026-06-05T21:02:30.073010,839.04,USD,deposit,wire,,JP,high_net_worth
TXN01952,CUST1134,ACC_CUST1134,2026-06-18T23:02:30.073010,174.15,USD,deposit,atm,,FR,high_net_worth
TXN01953,CUST1102,ACC_CUST1102,2026-05-09T00:02:30.073010,247.62,USD,withdrawal,online,,DE,high_net_worth
TXN01954,CUST1168,ACC_CUST1168,2026-07-24T20:02:30.073010,214.1,USD,deposit,online,,GB,corporate
TXN01955,CUST1288,ACC_CUST1288,2026-07-21T18:02:30.073010,1199.88,USD,deposit,atm,,FR,retail
TXN01956,CUST1213,ACC_CUST1213,2026-06-12T22:02:30.073010,888.99,USD,deposit,wire,,JP,high_net_worth
TXN01957,CUST1138,ACC_CUST1138,2026-06-28T00:02:30.073010,215.91,USD,deposit,branch,,CH,retail
TXN01958,CUST1115,ACC_CUST1115,2026-06-19T10:02:30.073010,118.47,USD,cash_deposit,wire,,GB,high_net_worth
TXN01959,CUST1116,ACC_CUST1116,2026-03-30T00:02:30.073010,239.19,USD,deposit,online,,GB,corporate
TXN01960,CUST1194,ACC_CUST1194,2026-06-23T20:02:30.073010,26.06,USD,deposit,wire,,JP,corporate
TXN01961,CUST1193,ACC_CUST1193,2026-06-25T03:02:30.073010,249.25,USD,cash_deposit,wire,,JP,corporate
TXN01962,CUST1059,ACC_CUST1059,2026-05-23T02:02:30.073010,136.08,USD,transfer,atm,ACC_CUST1099,US,high_net_worth
TXN01963,CUST1029,ACC_CUST1029,2026-04-27T06:02:30.073010,87.29,USD,deposit,branch,,JP,high_net_worth
TXN01964,CUST1274,ACC_CUST1274,2026-06-08T00:02:30.073010,512.39,USD,deposit,online,,US,corporate
TXN01965,CUST1039,ACC_CUST1039,2026-04-04T03:02:30.073010,109.63,USD,cash_deposit,online,,DE,corporate
TXN01966,CUST1160,ACC_CUST1160,2026-05-11T18:02:30.073010,51.68,USD,withdrawal,atm,,JP,high_net_worth
TXN01967,CUST1203,ACC_CUST1203,2026-05-28T20:02:30.073010,33.84,USD,deposit,branch,,JP,retail
TXN01968,CUST1278,ACC_CUST1278,2026-04-23T14:02:30.073010,384.62,USD,transfer,online,ACC_CUST1227,GB,high_net_worth
TXN01969,CUST1187,ACC_CUST1187,2026-07-05T16:02:30.073010,680.42,USD,transfer,online,ACC_CUST1269,FR,corporate
TXN01970,CUST1163,ACC_CUST1163,2026-06-25T16:02:30.073010,137.69,USD,deposit,branch,,US,high_net_worth
TXN01971,CUST1210,ACC_CUST1210,2026-06-26T18:02:30.073010,34.51,USD,cash_deposit,atm,,FR,retail
TXN01972,CUST1070,ACC_CUST1070,2026-07-13T15:02:30.073010,416.33,USD,withdrawal,atm,,DE,retail
TXN01973,CUST1107,ACC_CUST1107,2026-04-12T10:02:30.073010,1153.79,USD,withdrawal,branch,,SG,retail
TXN01974,CUST1225,ACC_CUST1225,2026-06-19T13:02:30.073010,217.29,USD,deposit,branch,,JP,corporate
TXN01975,CUST1017,ACC_CUST1017,2026-05-01T07:02:30.073010,536.65,USD,cash_deposit,atm,,DE,retail
TXN01976,CUST1043,ACC_CUST1043,2026-04-04T07:02:30.073010,15.71,USD,cash_deposit,wire,,FR,corporate
TXN01977,CUST1195,ACC_CUST1195,2026-05-16T13:02:30.073010,79.1,USD,deposit,online,,US,retail
TXN01978,CUST1094,ACC_CUST1094,2026-06-20T12:02:30.073010,19.54,USD,deposit,atm,,CH,high_net_worth
TXN01979,CUST1178,ACC_CUST1178,2026-07-24T23:02:30.073010,434.72,USD,transfer,atm,ACC_CUST1110,US,high_net_worth
TXN01980,CUST1174,ACC_CUST1174,2026-06-28T18:02:30.073010,467.82,USD,cash_deposit,wire,,DE,high_net_worth
TXN01981,CUST1029,ACC_CUST1029,2026-07-09T02:02:30.073010,596.67,USD,cash_deposit,atm,,JP,high_net_worth
TXN01982,CUST1273,ACC_CUST1273,2026-05-26T12:02:30.073010,198.96,USD,transfer,online,ACC_CUST1195,GB,corporate
TXN01983,CUST1121,ACC_CUST1121,2026-04-12T23:02:30.073010,2029.16,USD,transfer,atm,ACC_CUST1043,CH,high_net_worth
TXN01984,CUST1277,ACC_CUST1277,2026-05-04T09:02:30.073010,296.78,USD,cash_deposit,branch,,DE,corporate
TXN01985,CUST1185,ACC_CUST1185,2026-05-01T20:02:30.073010,119.97,USD,transfer,branch,ACC_CUST1063,SG,retail
TXN01986,CUST1164,ACC_CUST1164,2026-07-13T07:02:30.073010,196.37,USD,withdrawal,wire,,GB,corporate
TXN01987,CUST1225,ACC_CUST1225,2026-03-29T13:02:30.073010,206.3,USD,deposit,atm,,JP,corporate
TXN01988,CUST1284,ACC_CUST1284,2026-04-24T12:02:30.073010,107.07,USD,deposit,branch,,SG,retail
TXN01989,CUST1282,ACC_CUST1282,2026-05-07T01:02:30.073010,99.52,USD,cash_deposit,online,,DE,high_net_worth
TXN01990,CUST1141,ACC_CUST1141,2026-04-30T14:02:30.073010,308.55,USD,withdrawal,online,,GB,retail
TXN01991,CUST1075,ACC_CUST1075,2026-07-17T18:02:30.073010,46.46,USD,deposit,online,,SG,corporate
TXN01992,CUST1019,ACC_CUST1019,2026-04-20T20:02:30.073010,22.86,USD,cash_deposit,atm,,FR,retail
TXN01993,CUST1116,ACC_CUST1116,2026-04-04T21:02:30.073010,350.32,USD,transfer,atm,ACC_CUST1008,GB,corporate
TXN01994,CUST1180,ACC_CUST1180,2026-06-05T21:02:30.073010,139.11,USD,deposit,online,,FR,high_net_worth
TXN01995,CUST1039,ACC_CUST1039,2026-05-31T13:02:30.073010,91.14,USD,deposit,branch,,DE,corporate
TXN01996,CUST1166,ACC_CUST1166,2026-06-09T10:02:30.073010,318.07,USD,cash_deposit,branch,,FR,corporate
TXN01997,CUST1144,ACC_CUST1144,2026-04-14T23:02:30.073010,1117.85,USD,transfer,atm,ACC_CUST1171,FR,retail
TXN01998,CUST1191,ACC_CUST1191,2026-05-27T08:02:30.073010,147.8,USD,deposit,online,,GB,retail
TXN01999,CUST1148,ACC_CUST1148,2026-07-25T03:02:30.073010,291.74,USD,deposit,branch,,CH,corporate
TXN02000,CUST1160,ACC_CUST1160,2026-06-01T21:02:30.073010,542.87,USD,transfer,online,ACC_CUST1193,JP,high_net_worth
TXN02001,CUST1016,ACC_CUST1016,2026-06-20T22:02:30.073010,441.42,USD,withdrawal,wire,,DE,retail
TXN02002,CUST1040,ACC_CUST1040,2026-04-06T06:02:30.073010,574.36,USD,cash_deposit,branch,,FR,corporate
TXN02003,CUST1270,ACC_CUST1270,2026-07-08T00:02:30.073010,124.35,USD,cash_deposit,wire,,GB,retail
TXN02004,CUST1099,ACC_CUST1099,2026-07-13T17:02:30.073010,93.55,USD,transfer,online,ACC_CUST1168,JP,corporate
TXN02005,CUST1185,ACC_CUST1185,2026-04-26T13:02:30.073010,186.64,USD,transfer,branch,ACC_CUST1123,SG,retail
TXN02006,CUST1209,ACC_CUST1209,2026-05-13T01:02:30.073010,327.81,USD,transfer,branch,ACC_CUST1185,FR,retail
TXN02007,CUST1117,ACC_CUST1117,2026-05-24T12:02:30.073010,789.96,USD,withdrawal,online,,FR,retail
TXN02008,CUST1125,ACC_CUST1125,2026-07-05T12:02:30.073010,486.68,USD,withdrawal,atm,,CH,retail
TXN02009,CUST1174,ACC_CUST1174,2026-05-07T02:02:30.073010,173.95,USD,deposit,wire,,DE,high_net_worth
TXN02010,CUST1075,ACC_CUST1075,2026-06-09T14:02:30.073010,637.23,USD,withdrawal,online,,SG,corporate
TXN02011,CUST1007,ACC_CUST1007,2026-04-18T02:02:30.073010,445.1,USD,cash_deposit,atm,,CH,retail
TXN02012,CUST1240,ACC_CUST1240,2026-07-01T02:02:30.073010,548.47,USD,withdrawal,branch,,FR,high_net_worth
TXN02013,CUST1012,ACC_CUST1012,2026-06-24T04:02:30.073010,227.02,USD,deposit,online,,JP,high_net_worth
TXN02014,CUST1271,ACC_CUST1271,2026-07-23T11:02:30.073010,50.9,USD,cash_deposit,atm,,FR,retail
TXN02015,CUST1285,ACC_CUST1285,2026-04-27T21:02:30.073010,693.15,USD,transfer,branch,ACC_CUST1172,US,corporate
TXN02016,CUST1172,ACC_CUST1172,2026-06-11T18:02:30.073010,32.98,USD,deposit,branch,,SG,retail
TXN02017,CUST1181,ACC_CUST1181,2026-05-24T12:02:30.073010,112.45,USD,cash_deposit,wire,,SG,corporate
TXN02018,CUST1244,ACC_CUST1244,2026-06-25T03:02:30.073010,59.55,USD,withdrawal,branch,,GB,retail
TXN02019,CUST1003,ACC_CUST1003,2026-06-11T17:02:30.073010,125.89,USD,transfer,wire,ACC_CUST1194,JP,high_net_worth
TXN02020,CUST1090,ACC_CUST1090,2026-06-01T22:02:30.073010,115.87,USD,transfer,branch,ACC_CUST1118,FR,high_net_worth
TXN02021,CUST1174,ACC_CUST1174,2026-04-03T17:02:30.073010,126.94,USD,cash_deposit,atm,,DE,high_net_worth
TXN02022,CUST1163,ACC_CUST1163,2026-07-02T04:02:30.073010,514.58,USD,withdrawal,branch,,US,high_net_worth
TXN02023,CUST1107,ACC_CUST1107,2026-05-22T15:02:30.073010,138.01,USD,transfer,atm,ACC_CUST1050,SG,retail
TXN02024,CUST1084,ACC_CUST1084,2026-04-12T08:02:30.073010,85.94,USD,transfer,wire,ACC_CUST1224,GB,high_net_worth
TXN02025,CUST1086,ACC_CUST1086,2026-05-03T07:02:30.073010,339.37,USD,deposit,online,,FR,high_net_worth
TXN02026,CUST1072,ACC_CUST1072,2026-04-09T05:02:30.073010,283.68,USD,withdrawal,branch,,SG,retail
TXN02027,CUST1020,ACC_CUST1020,2026-07-20T16:02:30.073010,211.04,USD,withdrawal,branch,,JP,retail
TXN02028,CUST1013,ACC_CUST1013,2026-05-14T05:02:30.073010,230.75,USD,transfer,wire,ACC_CUST1227,JP,retail
TXN02029,CUST1232,ACC_CUST1232,2026-05-04T02:02:30.073010,669.14,USD,deposit,wire,,CH,corporate
TXN02030,CUST1252,ACC_CUST1252,2026-04-30T01:02:30.073010,404.62,USD,withdrawal,atm,,FR,corporate
TXN02031,CUST1059,ACC_CUST1059,2026-05-12T01:02:30.073010,128.85,USD,withdrawal,branch,,US,high_net_worth
TXN02032,CUST1259,ACC_CUST1259,2026-05-09T07:02:30.073010,378.08,USD,cash_deposit,branch,,GB,retail
TXN02033,CUST1161,ACC_CUST1161,2026-07-20T00:02:30.073010,818.1,USD,cash_deposit,branch,,GB,retail
TXN02034,CUST1266,ACC_CUST1266,2026-05-07T05:02:30.073010,94.67,USD,deposit,branch,,SG,retail
TXN02035,CUST4521,ACC_CUST4521,2026-05-15T06:02:30.073010,200.53,USD,withdrawal,atm,,CH,retail
TXN02036,CUST1248,ACC_CUST1248,2026-07-10T04:02:30.073010,52.4,USD,cash_deposit,atm,,FR,retail
TXN02037,CUST1045,ACC_CUST1045,2026-06-02T22:02:30.073010,180.92,USD,withdrawal,branch,,SG,retail
TXN02038,CUST1251,ACC_CUST1251,2026-06-07T18:02:30.073010,21.88,USD,withdrawal,online,,CH,retail
TXN02039,CUST1134,ACC_CUST1134,2026-06-14T11:02:30.073010,208.63,USD,withdrawal,atm,,FR,high_net_worth
TXN02040,CUST1092,ACC_CUST1092,2026-07-18T08:02:30.073010,340.76,USD,withdrawal,atm,,DE,retail
TXN02041,CUST1250,ACC_CUST1250,2026-07-07T19:02:30.073010,245.19,USD,cash_deposit,atm,,US,retail
TXN02042,CUST1151,ACC_CUST1151,2026-04-09T06:02:30.073010,173.21,USD,deposit,atm,,GB,corporate
TXN02043,CUST1228,ACC_CUST1228,2026-05-08T06:02:30.073010,68.15,USD,cash_deposit,branch,,FR,high_net_worth
TXN02044,CUST1163,ACC_CUST1163,2026-06-20T02:02:30.073010,455.74,USD,transfer,wire,ACC_CUST1065,US,high_net_worth
TXN02045,CUST1247,ACC_CUST1247,2026-07-13T14:02:30.073010,18.82,USD,cash_deposit,online,,JP,high_net_worth
TXN02046,CUST1137,ACC_CUST1137,2026-05-31T05:02:30.073010,257.84,USD,cash_deposit,branch,,US,retail
TXN02047,CUST1165,ACC_CUST1165,2026-04-30T20:02:30.073010,506.69,USD,transfer,wire,ACC_CUST1200,JP,high_net_worth
TXN02048,CUST1217,ACC_CUST1217,2026-05-18T07:02:30.073010,209.37,USD,deposit,atm,,US,high_net_worth
TXN02049,CUST1112,ACC_CUST1112,2026-05-10T19:02:30.073010,188.06,USD,deposit,atm,,GB,retail
TXN02050,CUST1113,ACC_CUST1113,2026-06-09T04:02:30.073010,896.25,USD,withdrawal,branch,,US,retail
TXN02051,CUST1168,ACC_CUST1168,2026-04-13T18:02:30.073010,496.47,USD,deposit,branch,,GB,corporate
TXN02052,CUST1046,ACC_CUST1046,2026-07-05T21:02:30.073010,29.67,USD,transfer,atm,ACC_CUST1283,CH,corporate
TXN02053,CUST1025,ACC_CUST1025,2026-06-02T05:02:30.073010,556.32,USD,transfer,online,ACC_CUST1080,US,retail
TXN02054,CUST1202,ACC_CUST1202,2026-07-16T21:02:30.073010,494.77,USD,withdrawal,atm,,GB,high_net_worth
TXN02055,CUST1191,ACC_CUST1191,2026-05-09T12:02:30.073010,854.09,USD,withdrawal,online,,GB,retail
TXN02056,CUST1018,ACC_CUST1018,2026-07-13T23:02:30.073010,480.12,USD,deposit,wire,,DE,retail
TXN02057,CUST1021,ACC_CUST1021,2026-04-17T08:02:30.073010,309.54,USD,transfer,branch,ACC_CUST1117,DE,high_net_worth
TXN02058,CUST1126,ACC_CUST1126,2026-04-01T07:02:30.073010,329.5,USD,deposit,wire,,SG,retail
TXN02059,CUST1067,ACC_CUST1067,2026-07-10T22:02:30.073010,33.03,USD,transfer,branch,ACC_CUST1039,CH,retail
TXN02060,CUST1212,ACC_CUST1212,2026-03-29T23:02:30.073010,409.4,USD,withdrawal,branch,,FR,corporate
TXN02061,CUST1200,ACC_CUST1200,2026-04-21T18:02:30.073010,225.45,USD,transfer,atm,ACC_CUST1217,CH,retail
TXN02062,CUST1011,ACC_CUST1011,2026-05-05T07:02:30.073010,41.5,USD,cash_deposit,online,,US,high_net_worth
TXN02063,CUST1295,ACC_CUST1295,2026-05-27T11:02:30.073010,85.41,USD,transfer,wire,ACC_CUST1047,JP,corporate
TXN02064,CUST1208,ACC_CUST1208,2026-06-07T07:02:30.073010,724.7,USD,cash_deposit,atm,,CH,high_net_worth
TXN02065,CUST1273,ACC_CUST1273,2026-05-31T06:02:30.073010,1505.23,USD,cash_deposit,branch,,GB,corporate
TXN02066,CUST1201,ACC_CUST1201,2026-05-14T16:02:30.073010,86.1,USD,deposit,wire,,US,retail
TXN02067,CUST1012,ACC_CUST1012,2026-05-17T06:02:30.073010,204.34,USD,cash_deposit,atm,,JP,high_net_worth
TXN02068,CUST1055,ACC_CUST1055,2026-06-18T08:02:30.073010,40.08,USD,transfer,online,ACC_CUST1042,SG,high_net_worth
TXN02069,CUST1086,ACC_CUST1086,2026-04-23T14:02:30.073010,55.71,USD,withdrawal,branch,,FR,high_net_worth
TXN02070,CUST1242,ACC_CUST1242,2026-06-02T22:02:30.073010,447.54,USD,withdrawal,branch,,DE,high_net_worth
TXN02071,CUST1129,ACC_CUST1129,2026-05-19T08:02:30.073010,126.34,USD,transfer,online,ACC_CUST1018,JP,high_net_worth
TXN02072,CUST1289,ACC_CUST1289,2026-06-12T12:02:30.073010,361.74,USD,deposit,atm,,GB,retail
TXN02073,CUST1287,ACC_CUST1287,2026-07-07T14:02:30.073010,971.75,USD,cash_deposit,atm,,SG,corporate
TXN02074,CUST1120,ACC_CUST1120,2026-05-08T13:02:30.073010,772.37,USD,cash_deposit,branch,,SG,corporate
TXN02075,CUST1217,ACC_CUST1217,2026-06-25T01:02:30.073010,434.27,USD,cash_deposit,online,,US,high_net_worth
TXN02076,CUST1082,ACC_CUST1082,2026-06-02T22:02:30.073010,75.96,USD,deposit,online,,SG,corporate
TXN02077,CUST1058,ACC_CUST1058,2026-04-01T12:02:30.073010,305.18,USD,cash_deposit,online,,FR,retail
TXN02078,CUST1268,ACC_CUST1268,2026-05-29T03:02:30.073010,12.79,USD,cash_deposit,wire,,US,corporate
TXN02079,CUST1060,ACC_CUST1060,2026-05-22T08:02:30.073010,258.9,USD,transfer,atm,ACC_CUST1190,SG,corporate
TXN02080,CUST1084,ACC_CUST1084,2026-04-15T08:02:30.073010,229.8,USD,withdrawal,atm,,GB,high_net_worth
TXN02081,CUST1128,ACC_CUST1128,2026-05-27T13:02:30.073010,795.52,USD,withdrawal,atm,,CH,high_net_worth
TXN02082,CUST1069,ACC_CUST1069,2026-04-18T15:02:30.073010,124.68,USD,cash_deposit,branch,,FR,high_net_worth
TXN02083,CUST1091,ACC_CUST1091,2026-04-16T14:02:30.073010,122.12,USD,deposit,branch,,GB,high_net_worth
TXN02084,CUST1096,ACC_CUST1096,2026-04-22T21:02:30.073010,130.61,USD,deposit,wire,,GB,retail
TXN02085,CUST1031,ACC_CUST1031,2026-06-15T13:02:30.073010,139.44,USD,withdrawal,branch,,GB,retail
TXN02086,CUST1286,ACC_CUST1286,2026-07-19T06:02:30.073010,106.3,USD,transfer,branch,ACC_CUST1098,DE,high_net_worth
TXN02087,CUST1218,ACC_CUST1218,2026-06-10T22:02:30.073010,826.83,USD,transfer,atm,ACC_CUST1206,FR,corporate
TXN02088,CUST1287,ACC_CUST1287,2026-06-05T19:02:30.073010,279.42,USD,withdrawal,branch,,SG,corporate
TXN02089,CUST1052,ACC_CUST1052,2026-06-29T05:02:30.073010,258.8,USD,transfer,online,ACC_CUST1134,US,retail
TXN02090,CUST1064,ACC_CUST1064,2026-07-08T15:02:30.073010,267.16,USD,cash_deposit,atm,,US,high_net_worth
TXN02091,CUST1141,ACC_CUST1141,2026-07-09T22:02:30.073010,65.21,USD,cash_deposit,online,,GB,retail
TXN02092,CUST1118,ACC_CUST1118,2026-04-24T01:02:30.073010,64.03,USD,withdrawal,online,,DE,high_net_worth
TXN02093,CUST1000,ACC_CUST1000,2026-05-08T01:02:30.073010,225.05,USD,deposit,online,,DE,high_net_worth
TXN02094,CUST1225,ACC_CUST1225,2026-05-21T20:02:30.073010,118.1,USD,cash_deposit,atm,,JP,corporate
TXN02095,CUST1060,ACC_CUST1060,2026-04-27T16:02:30.073010,456.06,USD,cash_deposit,wire,,SG,corporate
TXN02096,CUST1242,ACC_CUST1242,2026-05-12T08:02:30.073010,942.74,USD,transfer,branch,ACC_CUST1109,DE,high_net_worth
TXN02097,CUST1142,ACC_CUST1142,2026-06-27T03:02:30.073010,212.06,USD,cash_deposit,wire,,GB,retail
TXN02098,CUST1128,ACC_CUST1128,2026-06-23T02:02:30.073010,68.81,USD,cash_deposit,atm,,CH,high_net_worth
TXN02099,CUST1187,ACC_CUST1187,2026-07-15T13:02:30.073010,297.9,USD,transfer,wire,ACC_CUST1109,FR,corporate
TXN02100,CUST1097,ACC_CUST1097,2026-05-15T10:02:30.073010,75.39,USD,withdrawal,branch,,DE,corporate
TXN02101,CUST1184,ACC_CUST1184,2026-06-03T05:02:30.073010,129.45,USD,deposit,atm,,GB,high_net_worth
TXN02102,CUST1188,ACC_CUST1188,2026-07-23T07:02:30.073010,20.23,USD,deposit,atm,,DE,retail
TXN02103,CUST1140,ACC_CUST1140,2026-06-18T14:02:30.073010,1647.39,USD,cash_deposit,branch,,FR,corporate
TXN02104,CUST1129,ACC_CUST1129,2026-05-02T19:02:30.073010,606.74,USD,deposit,branch,,JP,high_net_worth
TXN02105,CUST1241,ACC_CUST1241,2026-06-13T19:02:30.073010,67.26,USD,cash_deposit,wire,,JP,retail
TXN02106,CUST1279,ACC_CUST1279,2026-07-09T02:02:30.073010,18.78,USD,deposit,atm,,CH,retail
TXN02107,CUST1078,ACC_CUST1078,2026-06-26T22:02:30.073010,35.94,USD,withdrawal,online,,US,high_net_worth
TXN02108,CUST1061,ACC_CUST1061,2026-04-04T13:02:30.073010,40.77,USD,deposit,atm,,US,high_net_worth
TXN02109,CUST1278,ACC_CUST1278,2026-05-02T05:02:30.073010,554.71,USD,deposit,atm,,GB,high_net_worth
TXN02110,CUST1162,ACC_CUST1162,2026-07-20T21:02:30.073010,227.91,USD,withdrawal,atm,,US,high_net_worth
TXN02111,CUST1206,ACC_CUST1206,2026-05-20T20:02:30.073010,74.31,USD,deposit,branch,,DE,corporate
TXN02112,CUST1256,ACC_CUST1256,2026-04-15T22:02:30.073010,185.77,USD,transfer,branch,ACC_CUST1088,JP,corporate
TXN02113,CUST1141,ACC_CUST1141,2026-06-13T05:02:30.073010,312.6,USD,cash_deposit,online,,GB,retail
TXN02114,CUST1001,ACC_CUST1001,2026-05-06T07:02:30.073010,198.35,USD,transfer,branch,ACC_CUST1174,JP,retail
TXN02115,CUST1044,ACC_CUST1044,2026-06-08T13:02:30.073010,760.35,USD,deposit,branch,,US,retail
TXN02116,CUST1093,ACC_CUST1093,2026-06-29T01:02:30.073010,278.32,USD,withdrawal,atm,,FR,high_net_worth
TXN02117,CUST1010,ACC_CUST1010,2026-07-04T04:02:30.073010,314.79,USD,deposit,online,,US,high_net_worth
TXN02118,CUST1235,ACC_CUST1235,2026-04-07T22:02:30.073010,554.77,USD,withdrawal,atm,,JP,retail
TXN02119,CUST1097,ACC_CUST1097,2026-07-01T22:02:30.073010,26.44,USD,withdrawal,atm,,DE,corporate
TXN02120,CUST1146,ACC_CUST1146,2026-04-19T07:02:30.073010,170.32,USD,withdrawal,atm,,GB,retail
TXN02121,CUST1096,ACC_CUST1096,2026-05-01T05:02:30.073010,100.07,USD,withdrawal,atm,,GB,retail
TXN02122,CUST1225,ACC_CUST1225,2026-04-30T01:02:30.073010,269.32,USD,cash_deposit,atm,,JP,corporate
TXN02123,CUST1178,ACC_CUST1178,2026-07-04T19:02:30.073010,21.23,USD,cash_deposit,online,,US,high_net_worth
TXN02124,CUST1299,ACC_CUST1299,2026-05-16T03:02:30.073010,137.82,USD,withdrawal,wire,,CH,retail
TXN02125,CUST1147,ACC_CUST1147,2026-04-23T09:02:30.073010,455.38,USD,transfer,branch,ACC_CUST1262,FR,high_net_worth
TXN02126,CUST1132,ACC_CUST1132,2026-04-24T13:02:30.073010,228.34,USD,transfer,branch,ACC_CUST1059,CH,high_net_worth
TXN02127,CUST1095,ACC_CUST1095,2026-05-27T03:02:30.073010,149.7,USD,cash_deposit,atm,,CH,retail
TXN02128,CUST1193,ACC_CUST1193,2026-06-20T17:02:30.073010,372.48,USD,deposit,atm,,JP,corporate
TXN02129,CUST1183,ACC_CUST1183,2026-07-16T23:02:30.073010,203.59,USD,withdrawal,wire,,JP,high_net_worth
TXN02130,CUST1172,ACC_CUST1172,2026-06-18T02:02:30.073010,119.7,USD,withdrawal,atm,,SG,retail
TXN02131,CUST1239,ACC_CUST1239,2026-06-05T04:02:30.073010,506.99,USD,deposit,wire,,FR,high_net_worth
TXN02132,CUST1233,ACC_CUST1233,2026-06-11T17:02:30.073010,202.49,USD,cash_deposit,wire,,US,retail
TXN02133,CUST1124,ACC_CUST1124,2026-04-29T22:02:30.073010,350.48,USD,transfer,atm,ACC_CUST1247,JP,corporate
TXN02134,CUST1153,ACC_CUST1153,2026-04-02T06:02:30.073010,176.48,USD,deposit,wire,,DE,high_net_worth
TXN02135,CUST1137,ACC_CUST1137,2026-06-09T11:02:30.073010,225.36,USD,deposit,online,,US,retail
TXN02136,CUST1153,ACC_CUST1153,2026-07-19T18:02:30.073010,51.74,USD,withdrawal,online,,DE,high_net_worth
TXN02137,CUST1170,ACC_CUST1170,2026-07-06T00:02:30.073010,482.31,USD,deposit,atm,,CH,retail
TXN02138,CUST1072,ACC_CUST1072,2026-07-08T10:02:30.073010,64.22,USD,cash_deposit,wire,,SG,retail
TXN02139,CUST1000,ACC_CUST1000,2026-06-20T03:02:30.073010,117.55,USD,withdrawal,online,,DE,high_net_worth
TXN02140,CUST1041,ACC_CUST1041,2026-04-20T06:02:30.073010,38.35,USD,withdrawal,wire,,FR,retail
TXN02141,CUST1125,ACC_CUST1125,2026-04-16T20:02:30.073010,62.07,USD,transfer,branch,ACC_CUST1244,CH,retail
TXN02142,CUST1051,ACC_CUST1051,2026-05-27T16:02:30.073010,741.98,USD,cash_deposit,online,,US,corporate
TXN02143,CUST1192,ACC_CUST1192,2026-07-12T13:02:30.073010,157.1,USD,withdrawal,branch,,GB,high_net_worth
TXN02144,CUST1162,ACC_CUST1162,2026-07-03T03:02:30.073010,694.9,USD,cash_deposit,atm,,US,high_net_worth
TXN02145,CUST1217,ACC_CUST1217,2026-06-12T11:02:30.073010,211.01,USD,deposit,atm,,US,high_net_worth
TXN02146,CUST4521,ACC_CUST4521,2026-03-31T06:02:30.073010,148.2,USD,withdrawal,online,,CH,retail
TXN02147,CUST1174,ACC_CUST1174,2026-05-30T23:02:30.073010,321.18,USD,cash_deposit,branch,,DE,high_net_worth
TXN02148,CUST1070,ACC_CUST1070,2026-05-30T05:02:30.073010,117.83,USD,deposit,online,,DE,retail
TXN02149,CUST1047,ACC_CUST1047,2026-05-10T11:02:30.073010,59.02,USD,withdrawal,wire,,SG,retail
TXN02150,CUST1159,ACC_CUST1159,2026-05-16T20:02:30.073010,100.75,USD,cash_deposit,branch,,DE,high_net_worth
TXN02151,CUST1215,ACC_CUST1215,2026-04-19T04:02:30.073010,197.6,USD,cash_deposit,branch,,FR,corporate
TXN02152,CUST1042,ACC_CUST1042,2026-05-11T20:02:30.073010,498.2,USD,deposit,wire,,GB,retail
TXN02153,CUST1006,ACC_CUST1006,2026-04-17T09:02:30.073010,357.79,USD,withdrawal,wire,,US,retail
TXN02154,CUST1005,ACC_CUST1005,2026-05-29T19:02:30.073010,452.68,USD,cash_deposit,wire,,US,retail
TXN02155,CUST1155,ACC_CUST1155,2026-05-21T07:02:30.073010,219.18,USD,deposit,wire,,JP,high_net_worth
TXN02156,CUST1242,ACC_CUST1242,2026-06-27T09:02:30.073010,1194.83,USD,transfer,branch,ACC_CUST1091,DE,high_net_worth
TXN02157,CUST1272,ACC_CUST1272,2026-07-03T11:02:30.073010,12.09,USD,deposit,online,,SG,high_net_worth
TXN02158,CUST1132,ACC_CUST1132,2026-04-22T15:02:30.073010,24.93,USD,cash_deposit,wire,,CH,high_net_worth
TXN02159,CUST1144,ACC_CUST1144,2026-04-02T02:02:30.073010,147.23,USD,cash_deposit,wire,,FR,retail
TXN02160,CUST1189,ACC_CUST1189,2026-04-29T12:02:30.073010,244.76,USD,transfer,atm,ACC_CUST1012,FR,high_net_worth
TXN02161,CUST1091,ACC_CUST1091,2026-05-04T10:02:30.073010,187.59,USD,cash_deposit,branch,,GB,high_net_worth
TXN02162,CUST1152,ACC_CUST1152,2026-06-17T00:02:30.073010,404.92,USD,deposit,atm,,SG,corporate
TXN02163,CUST1272,ACC_CUST1272,2026-06-30T11:02:30.073010,36.34,USD,withdrawal,online,,SG,high_net_worth
TXN02164,CUST1048,ACC_CUST1048,2026-04-13T22:02:30.073010,179.22,USD,withdrawal,wire,,US,corporate
TXN02165,CUST1140,ACC_CUST1140,2026-05-11T13:02:30.073010,22.45,USD,withdrawal,wire,,FR,corporate
TXN02166,CUST1167,ACC_CUST1167,2026-05-14T00:02:30.073010,154.34,USD,withdrawal,branch,,CH,retail
TXN02167,CUST1040,ACC_CUST1040,2026-05-10T19:02:30.073010,16.79,USD,transfer,wire,ACC_CUST1205,FR,corporate
TXN02168,CUST1131,ACC_CUST1131,2026-06-28T19:02:30.073010,1017.1,USD,deposit,wire,,GB,high_net_worth
TXN02169,CUST1098,ACC_CUST1098,2026-06-09T07:02:30.073010,150.63,USD,transfer,online,ACC_CUST1025,GB,corporate
TXN02170,CUST1242,ACC_CUST1242,2026-04-24T12:02:30.073010,218.88,USD,transfer,online,ACC_CUST1141,DE,high_net_worth
TXN02171,CUST1023,ACC_CUST1023,2026-06-13T11:02:30.073010,105.52,USD,withdrawal,atm,,FR,retail
TXN02172,CUST1208,ACC_CUST1208,2026-04-22T23:02:30.073010,106.38,USD,cash_deposit,online,,CH,high_net_worth
TXN02173,CUST1236,ACC_CUST1236,2026-06-12T19:02:30.073010,86.4,USD,transfer,branch,ACC_CUST1113,US,retail
TXN02174,CUST1166,ACC_CUST1166,2026-04-25T01:02:30.073010,312.17,USD,transfer,wire,ACC_CUST1215,FR,corporate
TXN02175,CUST1168,ACC_CUST1168,2026-06-05T11:02:30.073010,136.0,USD,cash_deposit,branch,,GB,corporate
TXN02176,CUST1163,ACC_CUST1163,2026-05-11T13:02:30.073010,587.98,USD,withdrawal,wire,,US,high_net_worth
TXN02177,CUST1255,ACC_CUST1255,2026-04-23T16:02:30.073010,98.59,USD,withdrawal,wire,,GB,retail
TXN02178,CUST1016,ACC_CUST1016,2026-06-20T17:02:30.073010,257.2,USD,deposit,wire,,DE,retail
TXN02179,CUST1176,ACC_CUST1176,2026-04-07T05:02:30.073010,426.92,USD,transfer,atm,ACC_CUST1149,US,high_net_worth
TXN02180,CUST1231,ACC_CUST1231,2026-06-22T13:02:30.073010,304.14,USD,deposit,online,,JP,high_net_worth
TXN02181,CUST1085,ACC_CUST1085,2026-06-15T10:02:30.073010,1653.65,USD,cash_deposit,wire,,GB,corporate
TXN02182,CUST1011,ACC_CUST1011,2026-07-02T08:02:30.073010,151.14,USD,cash_deposit,online,,US,high_net_worth
TXN02183,CUST1275,ACC_CUST1275,2026-04-13T11:02:30.073010,161.13,USD,deposit,branch,,US,corporate
TXN02184,CUST1108,ACC_CUST1108,2026-04-11T17:02:30.073010,446.85,USD,transfer,online,ACC_CUST1081,FR,retail
TXN02185,CUST1205,ACC_CUST1205,2026-06-06T12:02:30.073010,702.16,USD,transfer,online,ACC_CUST1214,JP,high_net_worth
TXN02186,CUST1142,ACC_CUST1142,2026-05-07T10:02:30.073010,219.33,USD,deposit,atm,,GB,retail
TXN02187,CUST1272,ACC_CUST1272,2026-05-17T06:02:30.073010,434.2,USD,cash_deposit,wire,,SG,high_net_worth
TXN02188,CUST1146,ACC_CUST1146,2026-07-11T13:02:30.073010,163.27,USD,withdrawal,online,,GB,retail
TXN02189,CUST1001,ACC_CUST1001,2026-06-04T09:02:30.073010,354.99,USD,cash_deposit,online,,JP,retail
TXN02190,CUST1050,ACC_CUST1050,2026-05-16T17:02:30.073010,168.44,USD,cash_deposit,wire,,GB,high_net_worth
TXN02191,CUST1014,ACC_CUST1014,2026-06-15T06:02:30.073010,284.56,USD,withdrawal,branch,,FR,high_net_worth
TXN02192,CUST1209,ACC_CUST1209,2026-03-30T09:02:30.073010,262.71,USD,withdrawal,online,,FR,retail
TXN02193,CUST1241,ACC_CUST1241,2026-06-23T01:02:30.073010,250.93,USD,transfer,branch,ACC_CUST1199,JP,retail
TXN02194,CUST1098,ACC_CUST1098,2026-07-14T04:02:30.073010,395.19,USD,cash_deposit,atm,,GB,corporate
TXN02195,CUST1122,ACC_CUST1122,2026-04-19T14:02:30.073010,52.69,USD,withdrawal,atm,,GB,corporate
TXN02196,CUST1033,ACC_CUST1033,2026-07-19T23:02:30.073010,194.41,USD,withdrawal,wire,,CH,high_net_worth
TXN02197,CUST1227,ACC_CUST1227,2026-04-27T04:02:30.073010,498.41,USD,cash_deposit,branch,,JP,high_net_worth
TXN02198,CUST1169,ACC_CUST1169,2026-07-17T04:02:30.073010,394.09,USD,withdrawal,wire,,FR,corporate
TXN02199,CUST1035,ACC_CUST1035,2026-03-28T22:02:30.073010,615.36,USD,deposit,wire,,JP,retail
TXN02200,CUST1240,ACC_CUST1240,2026-07-16T11:02:30.073010,958.0,USD,deposit,wire,,FR,high_net_worth
TXN02201,CUST1275,ACC_CUST1275,2026-04-12T21:02:30.073010,206.64,USD,deposit,wire,,US,corporate
TXN02202,CUST1030,ACC_CUST1030,2026-05-04T11:02:30.073010,162.96,USD,deposit,atm,,DE,corporate
TXN02203,CUST1261,ACC_CUST1261,2026-06-16T19:02:30.073010,474.54,USD,cash_deposit,wire,,CH,retail
TXN02204,CUST1053,ACC_CUST1053,2026-04-15T07:02:30.073010,146.93,USD,deposit,online,,SG,high_net_worth
TXN02205,CUST1173,ACC_CUST1173,2026-04-15T06:02:30.073010,102.16,USD,cash_deposit,online,,CH,high_net_worth
TXN02206,CUST1168,ACC_CUST1168,2026-06-18T21:02:30.073010,698.37,USD,deposit,wire,,GB,corporate
TXN02207,CUST1251,ACC_CUST1251,2026-07-02T06:02:30.073010,360.58,USD,transfer,atm,ACC_CUST1151,CH,retail
TXN02208,CUST1169,ACC_CUST1169,2026-07-06T13:02:30.073010,439.79,USD,transfer,atm,ACC_CUST1018,FR,corporate
TXN02209,CUST1075,ACC_CUST1075,2026-06-02T08:02:30.073010,646.51,USD,deposit,online,,SG,corporate
TXN02210,CUST1288,ACC_CUST1288,2026-05-13T21:02:30.073010,261.55,USD,transfer,atm,ACC_CUST1081,FR,retail
TXN02211,CUST1156,ACC_CUST1156,2026-05-27T21:02:30.073010,60.33,USD,cash_deposit,atm,,US,corporate
TXN02212,CUST1065,ACC_CUST1065,2026-04-15T18:02:30.073010,313.81,USD,transfer,wire,ACC_CUST1131,SG,retail
TXN02213,CUST1014,ACC_CUST1014,2026-07-14T05:02:30.073010,13.64,USD,transfer,online,ACC_CUST1299,FR,high_net_worth
TXN02214,CUST1186,ACC_CUST1186,2026-06-28T15:02:30.073010,299.06,USD,cash_deposit,wire,,SG,retail
TXN02215,CUST1087,ACC_CUST1087,2026-05-11T19:02:30.073010,232.28,USD,withdrawal,atm,,CH,high_net_worth
TXN02216,CUST1193,ACC_CUST1193,2026-07-16T14:02:30.073010,67.85,USD,withdrawal,wire,,JP,corporate
TXN02217,CUST1194,ACC_CUST1194,2026-03-29T20:02:30.073010,86.4,USD,deposit,atm,,JP,corporate
TXN02218,CUST1105,ACC_CUST1105,2026-04-25T03:02:30.073010,142.25,USD,transfer,branch,ACC_CUST1100,US,corporate
TXN02219,CUST1235,ACC_CUST1235,2026-06-08T19:02:30.073010,415.72,USD,deposit,online,,JP,retail
TXN02220,CUST1186,ACC_CUST1186,2026-06-21T00:02:30.073010,921.14,USD,cash_deposit,branch,,SG,retail
TXN02221,CUST1259,ACC_CUST1259,2026-04-05T07:02:30.073010,187.52,USD,deposit,branch,,GB,retail
TXN02222,CUST1267,ACC_CUST1267,2026-04-28T06:02:30.073010,87.76,USD,transfer,online,ACC_CUST1125,GB,corporate
TXN02223,CUST1233,ACC_CUST1233,2026-04-19T00:02:30.073010,417.73,USD,transfer,atm,ACC_CUST1046,US,retail
TXN02224,CUST1032,ACC_CUST1032,2026-07-21T03:02:30.073010,87.47,USD,transfer,branch,ACC_CUST1106,DE,corporate
TXN02225,CUST1299,ACC_CUST1299,2026-07-03T17:02:30.073010,41.03,USD,cash_deposit,wire,,CH,retail
TXN02226,CUST1026,ACC_CUST1026,2026-05-07T19:02:30.073010,205.2,USD,deposit,online,,DE,high_net_worth
TXN02227,CUST1226,ACC_CUST1226,2026-04-07T14:02:30.073010,244.51,USD,withdrawal,branch,,CH,corporate
TXN02228,CUST1110,ACC_CUST1110,2026-06-12T14:02:30.073010,178.51,USD,transfer,branch,ACC_CUST1297,GB,corporate
TXN02229,CUST1057,ACC_CUST1057,2026-06-28T13:02:30.073010,1467.54,USD,withdrawal,wire,,SG,corporate
TXN02230,CUST1128,ACC_CUST1128,2026-07-02T12:02:30.073010,129.53,USD,transfer,wire,ACC_CUST1090,CH,high_net_worth
TXN02231,CUST1247,ACC_CUST1247,2026-06-01T08:02:30.073010,95.91,USD,transfer,atm,ACC_CUST1272,JP,high_net_worth
TXN02232,CUST1140,ACC_CUST1140,2026-06-22T16:02:30.073010,1144.68,USD,transfer,wire,ACC_CUST1057,FR,corporate
TXN02233,CUST1093,ACC_CUST1093,2026-05-28T23:02:30.073010,63.43,USD,transfer,wire,ACC_CUST1253,FR,high_net_worth
TXN02234,CUST1033,ACC_CUST1033,2026-07-03T12:02:30.073010,135.76,USD,transfer,branch,ACC_CUST1226,CH,high_net_worth
TXN02235,CUST1275,ACC_CUST1275,2026-07-11T04:02:30.073010,441.72,USD,withdrawal,branch,,US,corporate
TXN02236,CUST1109,ACC_CUST1109,2026-05-06T15:02:30.073010,201.53,USD,transfer,atm,ACC_CUST1271,SG,corporate
TXN02237,CUST1153,ACC_CUST1153,2026-07-24T18:02:30.073010,127.36,USD,withdrawal,online,,DE,high_net_worth
TXN02238,CUST1098,ACC_CUST1098,2026-07-04T11:02:30.073010,292.58,USD,withdrawal,online,,GB,corporate
TXN02239,CUST1080,ACC_CUST1080,2026-05-08T15:02:30.073010,463.9,USD,cash_deposit,wire,,CH,retail
TXN02240,CUST1137,ACC_CUST1137,2026-04-26T07:02:30.073010,148.99,USD,cash_deposit,atm,,US,retail
TXN02241,CUST1156,ACC_CUST1156,2026-05-09T22:02:30.073010,120.46,USD,transfer,atm,ACC_CUST1230,US,corporate
TXN02242,CUST1288,ACC_CUST1288,2026-05-17T12:02:30.073010,27.07,USD,deposit,wire,,FR,retail
TXN02243,CUST1209,ACC_CUST1209,2026-05-12T19:02:30.073010,447.08,USD,withdrawal,wire,,FR,retail
TXN02244,CUST1009,ACC_CUST1009,2026-07-10T21:02:30.073010,335.46,USD,withdrawal,online,,JP,retail
TXN02245,CUST1131,ACC_CUST1131,2026-05-04T10:02:30.073010,177.32,USD,deposit,atm,,GB,high_net_worth
TXN02246,CUST1195,ACC_CUST1195,2026-05-08T16:02:30.073010,298.35,USD,withdrawal,online,,US,retail
TXN02247,CUST1225,ACC_CUST1225,2026-07-15T07:02:30.073010,93.57,USD,deposit,branch,,JP,corporate
TXN02248,CUST1166,ACC_CUST1166,2026-06-28T14:02:30.073010,465.92,USD,cash_deposit,branch,,FR,corporate
TXN02249,CUST1199,ACC_CUST1199,2026-06-24T21:02:30.073010,108.61,USD,cash_deposit,online,,FR,retail
TXN02250,CUST4521,ACC_CUST4521,2026-05-15T00:02:30.073010,316.19,USD,deposit,branch,,CH,retail
TXN02251,CUST1141,ACC_CUST1141,2026-06-04T10:02:30.073010,45.31,USD,cash_deposit,atm,,GB,retail
TXN02252,CUST1068,ACC_CUST1068,2026-07-18T22:02:30.073010,1144.02,USD,deposit,atm,,JP,retail
TXN02253,CUST1211,ACC_CUST1211,2026-07-11T03:02:30.073010,266.06,USD,withdrawal,atm,,JP,high_net_worth
TXN02254,CUST1287,ACC_CUST1287,2026-04-08T13:02:30.073010,265.1,USD,withdrawal,atm,,SG,corporate
TXN02255,CUST1133,ACC_CUST1133,2026-06-07T15:02:30.073010,453.66,USD,transfer,branch,ACC_CUST1071,US,corporate
TXN02256,CUST1034,ACC_CUST1034,2026-07-17T21:02:30.073010,422.63,USD,transfer,atm,ACC_CUST1228,CH,corporate
TXN02257,CUST1109,ACC_CUST1109,2026-04-20T09:02:30.073010,195.3,USD,cash_deposit,online,,SG,corporate
TXN02258,CUST1170,ACC_CUST1170,2026-04-22T20:02:30.073010,55.34,USD,transfer,atm,ACC_CUST1011,CH,retail
TXN02259,CUST1210,ACC_CUST1210,2026-05-21T11:02:30.073010,544.56,USD,cash_deposit,branch,,FR,retail
TXN02260,CUST1030,ACC_CUST1030,2026-07-22T15:02:30.073010,182.45,USD,transfer,branch,ACC_CUST1289,DE,corporate
TXN02261,CUST1016,ACC_CUST1016,2026-05-31T09:02:30.073010,266.57,USD,cash_deposit,atm,,DE,retail
TXN02262,CUST1034,ACC_CUST1034,2026-06-30T01:02:30.073010,237.63,USD,deposit,branch,,CH,corporate
TXN02263,CUST1262,ACC_CUST1262,2026-07-14T01:02:30.073010,428.19,USD,cash_deposit,online,,SG,high_net_worth
TXN02264,CUST1220,ACC_CUST1220,2026-07-10T07:02:30.073010,670.43,USD,cash_deposit,wire,,GB,high_net_worth
TXN02265,CUST1077,ACC_CUST1077,2026-06-19T09:02:30.073010,323.1,USD,deposit,online,,SG,corporate
TXN02266,CUST1173,ACC_CUST1173,2026-05-25T15:02:30.073010,163.98,USD,cash_deposit,branch,,CH,high_net_worth
TXN02267,CUST1150,ACC_CUST1150,2026-03-28T18:02:30.073010,12.57,USD,cash_deposit,branch,,JP,retail
TXN02268,CUST1165,ACC_CUST1165,2026-05-21T03:02:30.073010,346.75,USD,transfer,online,ACC_CUST1299,JP,high_net_worth
TXN02269,CUST1167,ACC_CUST1167,2026-06-04T13:02:30.073010,681.16,USD,withdrawal,atm,,CH,retail
TXN02270,CUST1295,ACC_CUST1295,2026-04-16T05:02:30.073010,120.66,USD,withdrawal,online,,JP,corporate
TXN02271,CUST1051,ACC_CUST1051,2026-03-31T16:02:30.073010,243.01,USD,deposit,online,,US,corporate
TXN02272,CUST1035,ACC_CUST1035,2026-05-08T09:02:30.073010,77.58,USD,withdrawal,online,,JP,retail
TXN02273,CUST1083,ACC_CUST1083,2026-05-21T07:02:30.073010,453.98,USD,withdrawal,online,,SG,retail
TXN02274,CUST1013,ACC_CUST1013,2026-04-14T13:02:30.073010,17.73,USD,deposit,wire,,JP,retail
TXN02275,CUST1106,ACC_CUST1106,2026-05-15T00:02:30.073010,162.84,USD,cash_deposit,wire,,US,retail
TXN02276,CUST1105,ACC_CUST1105,2026-07-04T11:02:30.073010,1054.5,USD,deposit,branch,,US,corporate
TXN02277,CUST1259,ACC_CUST1259,2026-07-22T17:02:30.073010,433.92,USD,deposit,online,,GB,retail
TXN02278,CUST1061,ACC_CUST1061,2026-05-29T22:02:30.073010,73.58,USD,transfer,atm,ACC_CUST1212,US,high_net_worth
TXN02279,CUST1046,ACC_CUST1046,2026-07-08T15:02:30.073010,223.23,USD,transfer,wire,ACC_CUST1130,CH,corporate
TXN02280,CUST1233,ACC_CUST1233,2026-03-29T23:02:30.073010,163.4,USD,cash_deposit,wire,,US,retail
TXN02281,CUST1051,ACC_CUST1051,2026-05-12T10:02:30.073010,885.3,USD,transfer,branch,ACC_CUST1222,US,corporate
TXN02282,CUST1153,ACC_CUST1153,2026-04-26T21:02:30.073010,636.1,USD,deposit,wire,,DE,high_net_worth
TXN02283,CUST1008,ACC_CUST1008,2026-05-02T22:02:30.073010,574.01,USD,transfer,branch,ACC_CUST1072,SG,high_net_worth
TXN02284,CUST1090,ACC_CUST1090,2026-06-07T23:02:30.073010,55.32,USD,withdrawal,online,,FR,high_net_worth
TXN02285,CUST1240,ACC_CUST1240,2026-07-03T00:02:30.073010,613.75,USD,deposit,online,,FR,high_net_worth
TXN02286,CUST1150,ACC_CUST1150,2026-05-14T18:02:30.073010,173.02,USD,cash_deposit,online,,JP,retail
TXN02287,CUST1089,ACC_CUST1089,2026-07-25T15:02:30.073010,146.27,USD,withdrawal,online,,GB,retail
TXN02288,CUST1056,ACC_CUST1056,2026-07-06T04:02:30.073010,78.48,USD,deposit,wire,,JP,retail
TXN02289,CUST1206,ACC_CUST1206,2026-06-16T10:02:30.073010,468.73,USD,transfer,atm,ACC_CUST1014,DE,corporate
TXN02290,CUST1169,ACC_CUST1169,2026-03-31T14:02:30.073010,744.55,USD,deposit,online,,FR,corporate
TXN02291,CUST1023,ACC_CUST1023,2026-06-05T11:02:30.073010,41.65,USD,withdrawal,online,,FR,retail
TXN02292,CUST1178,ACC_CUST1178,2026-07-20T06:02:30.073010,1341.68,USD,deposit,wire,,US,high_net_worth
TXN02293,CUST1057,ACC_CUST1057,2026-05-27T13:02:30.073010,53.3,USD,cash_deposit,wire,,SG,corporate
TXN02294,CUST1000,ACC_CUST1000,2026-05-06T14:02:30.073010,51.16,USD,cash_deposit,atm,,DE,high_net_worth
TXN02295,CUST1276,ACC_CUST1276,2026-05-13T18:02:30.073010,213.66,USD,deposit,wire,,SG,corporate
TXN02296,CUST1292,ACC_CUST1292,2026-04-22T03:02:30.073010,501.12,USD,withdrawal,online,,DE,high_net_worth
TXN02297,CUST1073,ACC_CUST1073,2026-04-25T20:02:30.073010,388.98,USD,deposit,branch,,FR,retail
TXN02298,CUST1144,ACC_CUST1144,2026-07-19T18:02:30.073010,86.94,USD,deposit,online,,FR,retail
TXN02299,CUST1094,ACC_CUST1094,2026-06-29T20:02:30.073010,341.11,USD,transfer,atm,ACC_CUST1236,CH,high_net_worth
TXN02300,CUST1266,ACC_CUST1266,2026-06-02T17:02:30.073010,174.47,USD,transfer,online,ACC_CUST1167,SG,retail
TXN02301,CUST1074,ACC_CUST1074,2026-06-10T22:02:30.073010,309.8,USD,deposit,wire,,SG,retail
TXN02302,CUST1101,ACC_CUST1101,2026-04-19T23:02:30.073010,551.23,USD,withdrawal,branch,,US,high_net_worth
TXN02303,CUST1121,ACC_CUST1121,2026-04-17T11:02:30.073010,206.63,USD,transfer,branch,ACC_CUST1292,CH,high_net_worth
TXN02304,CUST1176,ACC_CUST1176,2026-04-21T19:02:30.073010,1485.91,USD,cash_deposit,wire,,US,high_net_worth
TXN02305,CUST1232,ACC_CUST1232,2026-06-15T07:02:30.073010,419.9,USD,cash_deposit,branch,,CH,corporate
TXN02306,CUST1263,ACC_CUST1263,2026-07-24T09:02:30.073010,135.1,USD,transfer,online,ACC_CUST1130,DE,high_net_worth
TXN02307,CUST1249,ACC_CUST1249,2026-07-04T16:02:30.073010,340.8,USD,cash_deposit,branch,,FR,retail
TXN02308,CUST1175,ACC_CUST1175,2026-07-03T15:02:30.073010,176.81,USD,transfer,branch,ACC_CUST1187,SG,corporate
TXN02309,CUST1013,ACC_CUST1013,2026-06-05T03:02:30.073010,1117.72,USD,deposit,online,,JP,retail
TXN02310,CUST1056,ACC_CUST1056,2026-04-12T16:02:30.073010,120.03,USD,transfer,online,ACC_CUST1177,JP,retail
TXN02311,CUST1223,ACC_CUST1223,2026-06-06T01:02:30.073010,524.48,USD,withdrawal,wire,,JP,retail
TXN02312,CUST1261,ACC_CUST1261,2026-04-21T03:02:30.073010,76.45,USD,withdrawal,branch,,CH,retail
TXN02313,CUST1181,ACC_CUST1181,2026-06-03T18:02:30.073010,493.22,USD,withdrawal,branch,,SG,corporate
TXN02314,CUST1185,ACC_CUST1185,2026-06-05T06:02:30.073010,61.86,USD,withdrawal,atm,,SG,retail
TXN02315,CUST1084,ACC_CUST1084,2026-06-17T19:02:30.073010,243.49,USD,withdrawal,online,,GB,high_net_worth
TXN02316,CUST1217,ACC_CUST1217,2026-07-15T05:02:30.073010,115.5,USD,transfer,branch,ACC_CUST1205,US,high_net_worth
TXN02317,CUST1267,ACC_CUST1267,2026-05-20T14:02:30.073010,53.9,USD,cash_deposit,atm,,GB,corporate
TXN02318,CUST1153,ACC_CUST1153,2026-03-28T01:02:30.073010,779.39,USD,transfer,atm,ACC_CUST1106,DE,high_net_worth
TXN02319,CUST1034,ACC_CUST1034,2026-04-04T12:02:30.073010,206.72,USD,withdrawal,online,,CH,corporate
TXN02320,CUST1082,ACC_CUST1082,2026-07-03T06:02:30.073010,321.61,USD,cash_deposit,online,,SG,corporate
TXN02321,CUST1200,ACC_CUST1200,2026-06-11T05:02:30.073010,31.94,USD,withdrawal,atm,,CH,retail
TXN02322,CUST1141,ACC_CUST1141,2026-04-14T11:02:30.073010,79.14,USD,deposit,online,,GB,retail
TXN02323,CUST1072,ACC_CUST1072,2026-06-22T07:02:30.073010,230.58,USD,transfer,branch,ACC_CUST1060,SG,retail
TXN02324,CUST1268,ACC_CUST1268,2026-04-10T19:02:30.073010,334.01,USD,cash_deposit,online,,US,corporate
TXN02325,CUST1152,ACC_CUST1152,2026-07-11T02:02:30.073010,31.9,USD,cash_deposit,online,,SG,corporate
TXN02326,CUST1174,ACC_CUST1174,2026-07-18T07:02:30.073010,556.01,USD,deposit,wire,,DE,high_net_worth
TXN02327,CUST1130,ACC_CUST1130,2026-04-11T19:02:30.073010,273.83,USD,cash_deposit,wire,,SG,corporate
TXN02328,CUST1249,ACC_CUST1249,2026-07-03T08:02:30.073010,37.82,USD,withdrawal,branch,,FR,retail
TXN02329,CUST1185,ACC_CUST1185,2026-04-27T20:02:30.073010,174.29,USD,cash_deposit,wire,,SG,retail
TXN02330,CUST1053,ACC_CUST1053,2026-07-16T07:02:30.073010,129.62,USD,transfer,atm,ACC_CUST1260,SG,high_net_worth
TXN02331,CUST1128,ACC_CUST1128,2026-05-12T01:02:30.073010,384.58,USD,deposit,branch,,CH,high_net_worth
TXN02332,CUST1248,ACC_CUST1248,2026-04-28T17:02:30.073010,278.27,USD,cash_deposit,online,,FR,retail
TXN02333,CUST1136,ACC_CUST1136,2026-04-10T21:02:30.073010,289.9,USD,cash_deposit,wire,,US,corporate
TXN02334,CUST1195,ACC_CUST1195,2026-04-02T18:02:30.073010,267.14,USD,deposit,branch,,US,retail
TXN02335,CUST1060,ACC_CUST1060,2026-07-03T06:02:30.073010,390.06,USD,transfer,wire,ACC_CUST1201,SG,corporate
TXN02336,CUST1020,ACC_CUST1020,2026-05-11T19:02:30.073010,265.53,USD,cash_deposit,wire,,JP,retail
TXN02337,CUST1267,ACC_CUST1267,2026-04-01T11:02:30.073010,83.02,USD,cash_deposit,branch,,GB,corporate
TXN02338,CUST1092,ACC_CUST1092,2026-03-31T19:02:30.073010,770.24,USD,transfer,branch,ACC_CUST1149,DE,retail
TXN02339,CUST1014,ACC_CUST1014,2026-06-29T13:02:30.073010,140.33,USD,transfer,atm,ACC_CUST1176,FR,high_net_worth
TXN02340,CUST1127,ACC_CUST1127,2026-05-02T13:02:30.073010,193.86,USD,deposit,atm,,US,high_net_worth
TXN02341,CUST1134,ACC_CUST1134,2026-07-04T04:02:30.073010,414.94,USD,withdrawal,atm,,FR,high_net_worth
TXN02342,CUST1178,ACC_CUST1178,2026-07-05T04:02:30.073010,131.83,USD,cash_deposit,branch,,US,high_net_worth
TXN02343,CUST1275,ACC_CUST1275,2026-06-30T06:02:30.073010,746.62,USD,transfer,atm,ACC_CUST1051,US,corporate
TXN02344,CUST1046,ACC_CUST1046,2026-06-17T11:02:30.073010,433.87,USD,transfer,wire,ACC_CUST1095,CH,corporate
TXN02345,CUST1103,ACC_CUST1103,2026-04-30T21:02:30.073010,133.29,USD,cash_deposit,atm,,SG,retail
TXN02346,CUST1224,ACC_CUST1224,2026-07-20T10:02:30.073010,126.92,USD,withdrawal,online,,CH,high_net_worth
TXN02347,CUST1057,ACC_CUST1057,2026-04-21T17:02:30.073010,241.82,USD,transfer,atm,ACC_CUST1286,SG,corporate
TXN02348,CUST1203,ACC_CUST1203,2026-06-15T21:02:30.073010,39.4,USD,deposit,online,,JP,retail
TXN02349,CUST1207,ACC_CUST1207,2026-07-15T07:02:30.073010,238.32,USD,withdrawal,atm,,SG,retail
TXN02350,CUST1203,ACC_CUST1203,2026-04-14T11:02:30.073010,295.12,USD,deposit,atm,,JP,retail
TXN02351,CUST1042,ACC_CUST1042,2026-05-08T06:02:30.073010,94.67,USD,cash_deposit,branch,,GB,retail
TXN02352,CUST1079,ACC_CUST1079,2026-06-21T07:02:30.073010,86.26,USD,deposit,wire,,DE,corporate
TXN02353,CUST1112,ACC_CUST1112,2026-04-28T06:02:30.073010,57.13,USD,cash_deposit,online,,GB,retail
TXN02354,CUST1151,ACC_CUST1151,2026-04-27T23:02:30.073010,170.6,USD,cash_deposit,wire,,GB,corporate
TXN02355,CUST1282,ACC_CUST1282,2026-06-08T05:02:30.073010,574.97,USD,cash_deposit,online,,DE,high_net_worth
TXN02356,CUST1297,ACC_CUST1297,2026-05-18T19:02:30.073010,378.01,USD,cash_deposit,atm,,CH,corporate
TXN02357,CUST1186,ACC_CUST1186,2026-07-08T07:02:30.073010,146.01,USD,cash_deposit,atm,,SG,retail
TXN02358,CUST1120,ACC_CUST1120,2026-05-07T16:02:30.073010,126.43,USD,transfer,branch,ACC_CUST1068,SG,corporate
TXN02359,CUST1126,ACC_CUST1126,2026-07-07T16:02:30.073010,1199.17,USD,withdrawal,branch,,SG,retail
TXN02360,CUST1259,ACC_CUST1259,2026-06-26T14:02:30.073010,392.0,USD,transfer,branch,ACC_CUST1116,GB,retail
TXN02361,CUST1283,ACC_CUST1283,2026-07-11T06:02:30.073010,266.18,USD,cash_deposit,atm,,SG,retail
TXN02362,CUST1027,ACC_CUST1027,2026-05-25T18:02:30.073010,278.26,USD,cash_deposit,wire,,GB,high_net_worth
TXN02363,CUST1033,ACC_CUST1033,2026-04-17T23:02:30.073010,688.55,USD,cash_deposit,branch,,CH,high_net_worth
TXN02364,CUST1244,ACC_CUST1244,2026-07-17T21:02:30.073010,353.72,USD,withdrawal,branch,,GB,retail
TXN02365,CUST1033,ACC_CUST1033,2026-06-28T07:02:30.073010,179.07,USD,transfer,branch,ACC_CUST1251,CH,high_net_worth
TXN02366,CUST1068,ACC_CUST1068,2026-05-17T05:02:30.073010,241.91,USD,cash_deposit,atm,,JP,retail
TXN02367,CUST1155,ACC_CUST1155,2026-05-09T06:02:30.073010,446.12,USD,cash_deposit,online,,JP,high_net_worth
TXN02368,CUST4521,ACC_CUST4521,2026-05-06T23:02:30.073010,275.62,USD,deposit,atm,,CH,retail
TXN02369,CUST1036,ACC_CUST1036,2026-06-14T01:02:30.073010,405.65,USD,cash_deposit,online,,SG,retail
TXN02370,CUST1127,ACC_CUST1127,2026-06-12T04:02:30.073010,324.44,USD,withdrawal,branch,,US,high_net_worth
TXN02371,CUST1253,ACC_CUST1253,2026-06-29T02:02:30.073010,886.45,USD,transfer,branch,ACC_CUST1048,DE,retail
TXN02372,CUST1293,ACC_CUST1293,2026-06-25T20:02:30.073010,154.04,USD,cash_deposit,wire,,US,corporate
TXN02373,CUST1242,ACC_CUST1242,2026-04-14T09:02:30.073010,121.84,USD,withdrawal,branch,,DE,high_net_worth
TXN02374,CUST1090,ACC_CUST1090,2026-06-26T12:02:30.073010,71.21,USD,transfer,wire,ACC_CUST1046,FR,high_net_worth
TXN02375,CUST1205,ACC_CUST1205,2026-04-22T06:02:30.073010,190.29,USD,transfer,branch,ACC_CUST1173,JP,high_net_worth
TXN02376,CUST1048,ACC_CUST1048,2026-06-03T07:02:30.073010,1215.38,USD,deposit,branch,,US,corporate
TXN02377,CUST1030,ACC_CUST1030,2026-06-23T10:02:30.073010,10.52,USD,deposit,online,,DE,corporate
TXN02378,CUST1270,ACC_CUST1270,2026-03-28T23:02:30.073010,18.41,USD,transfer,wire,ACC_CUST1156,GB,retail
TXN02379,CUST1290,ACC_CUST1290,2026-06-08T10:02:30.073010,72.65,USD,deposit,online,,US,retail
TXN02380,CUST1255,ACC_CUST1255,2026-04-20T16:02:30.073010,40.6,USD,withdrawal,atm,,GB,retail
TXN02381,CUST1079,ACC_CUST1079,2026-06-12T10:02:30.073010,377.63,USD,withdrawal,wire,,DE,corporate
TXN02382,CUST1090,ACC_CUST1090,2026-05-31T03:02:30.073010,301.92,USD,cash_deposit,branch,,FR,high_net_worth
TXN02383,CUST1275,ACC_CUST1275,2026-07-19T02:02:30.073010,138.8,USD,transfer,atm,ACC_CUST1055,US,corporate
TXN02384,CUST1092,ACC_CUST1092,2026-06-11T15:02:30.073010,216.54,USD,withdrawal,branch,,DE,retail
TXN02385,CUST1079,ACC_CUST1079,2026-06-14T09:02:30.073010,469.83,USD,cash_deposit,wire,,DE,corporate
TXN02386,CUST1059,ACC_CUST1059,2026-06-21T16:02:30.073010,94.8,USD,deposit,atm,,US,high_net_worth
TXN02387,CUST1072,ACC_CUST1072,2026-04-27T14:02:30.073010,22.74,USD,withdrawal,wire,,SG,retail
TXN02388,CUST1030,ACC_CUST1030,2026-07-23T14:02:30.073010,336.76,USD,deposit,branch,,DE,corporate
TXN02389,CUST1164,ACC_CUST1164,2026-07-22T15:02:30.073010,109.62,USD,cash_deposit,online,,GB,corporate
TXN02390,CUST1069,ACC_CUST1069,2026-05-24T05:02:30.073010,181.35,USD,transfer,wire,ACC_CUST1206,FR,high_net_worth
TXN02391,CUST1042,ACC_CUST1042,2026-05-28T23:02:30.073010,126.37,USD,cash_deposit,branch,,GB,retail
TXN02392,CUST1247,ACC_CUST1247,2026-06-14T11:02:30.073010,452.0,USD,transfer,wire,ACC_CUST1147,JP,high_net_worth
TXN02393,CUST1028,ACC_CUST1028,2026-06-03T00:02:30.073010,120.07,USD,withdrawal,branch,,JP,high_net_worth
TXN02394,CUST4521,ACC_CUST4521,2026-07-01T17:02:30.073010,413.27,USD,withdrawal,atm,,CH,retail
TXN02395,CUST1273,ACC_CUST1273,2026-03-31T00:02:30.073010,140.05,USD,transfer,wire,ACC_CUST1096,GB,corporate
TXN02396,CUST1275,ACC_CUST1275,2026-04-03T20:02:30.073010,223.24,USD,cash_deposit,online,,US,corporate
TXN02397,CUST1022,ACC_CUST1022,2026-07-22T05:02:30.073010,908.51,USD,deposit,wire,,US,high_net_worth
TXN02398,CUST1113,ACC_CUST1113,2026-06-27T09:02:30.073010,215.12,USD,deposit,online,,US,retail
TXN02399,CUST1292,ACC_CUST1292,2026-06-17T18:02:30.073010,775.65,USD,deposit,branch,,DE,high_net_worth
TXN02400,CUST1105,ACC_CUST1105,2026-07-21T21:02:30.073010,11.43,USD,deposit,atm,,US,corporate
TXN02401,CUST1123,ACC_CUST1123,2026-06-20T09:02:30.073010,535.6,USD,withdrawal,wire,,SG,retail
TXN02402,CUST1190,ACC_CUST1190,2026-07-23T11:02:30.073010,55.83,USD,deposit,online,,US,high_net_worth
TXN02403,CUST1126,ACC_CUST1126,2026-06-15T20:02:30.073010,381.54,USD,transfer,wire,ACC_CUST1292,SG,retail
TXN02404,CUST1158,ACC_CUST1158,2026-04-23T19:02:30.073010,171.3,USD,transfer,wire,ACC_CUST1005,CH,retail
TXN02405,CUST1211,ACC_CUST1211,2026-05-15T07:02:30.073010,97.68,USD,withdrawal,wire,,JP,high_net_worth
TXN02406,CUST1005,ACC_CUST1005,2026-06-16T21:02:30.073010,367.22,USD,cash_deposit,branch,,US,retail
TXN02407,CUST1229,ACC_CUST1229,2026-04-13T20:02:30.073010,314.5,USD,withdrawal,branch,,GB,corporate
TXN02408,CUST1059,ACC_CUST1059,2026-04-17T14:02:30.073010,240.97,USD,deposit,online,,US,high_net_worth
TXN02409,CUST1085,ACC_CUST1085,2026-06-30T07:02:30.073010,240.53,USD,cash_deposit,atm,,GB,corporate
TXN02410,CUST1145,ACC_CUST1145,2026-07-15T17:02:30.073010,160.71,USD,transfer,branch,ACC_CUST1061,CH,high_net_worth
TXN02411,CUST1103,ACC_CUST1103,2026-04-08T16:02:30.073010,50.79,USD,cash_deposit,online,,SG,retail
TXN02412,CUST1018,ACC_CUST1018,2026-05-27T14:02:30.073010,87.88,USD,deposit,branch,,DE,retail
TXN02413,CUST1198,ACC_CUST1198,2026-04-20T01:02:30.073010,181.78,USD,deposit,online,,CH,corporate
TXN02414,CUST1189,ACC_CUST1189,2026-05-23T22:02:30.073010,282.65,USD,withdrawal,wire,,FR,high_net_worth
TXN02415,CUST1021,ACC_CUST1021,2026-06-20T15:02:30.073010,397.2,USD,withdrawal,online,,DE,high_net_worth
TXN02416,CUST1022,ACC_CUST1022,2026-06-07T23:02:30.073010,598.74,USD,withdrawal,atm,,US,high_net_worth
TXN02417,CUST1128,ACC_CUST1128,2026-07-23T04:02:30.073010,705.5,USD,transfer,wire,ACC_CUST1102,CH,high_net_worth
TXN02418,CUST1028,ACC_CUST1028,2026-05-17T11:02:30.073010,221.32,USD,withdrawal,atm,,JP,high_net_worth
TXN02419,CUST1115,ACC_CUST1115,2026-04-20T19:02:30.073010,331.89,USD,withdrawal,atm,,GB,high_net_worth
TXN02420,CUST1224,ACC_CUST1224,2026-03-31T13:02:30.073010,286.13,USD,deposit,online,,CH,high_net_worth
TXN02421,CUST1147,ACC_CUST1147,2026-06-07T04:02:30.073010,27.52,USD,withdrawal,atm,,FR,high_net_worth
TXN02422,CUST1033,ACC_CUST1033,2026-05-19T15:02:30.073010,396.29,USD,deposit,online,,CH,high_net_worth
TXN02423,CUST1164,ACC_CUST1164,2026-05-14T00:02:30.073010,355.9,USD,withdrawal,branch,,GB,corporate
TXN02424,CUST1003,ACC_CUST1003,2026-05-14T23:02:30.073010,449.21,USD,deposit,wire,,JP,high_net_worth
TXN02425,CUST1061,ACC_CUST1061,2026-07-15T06:02:30.073010,16.0,USD,deposit,branch,,US,high_net_worth
TXN02426,CUST1243,ACC_CUST1243,2026-07-25T17:02:30.073010,357.14,USD,cash_deposit,atm,,GB,retail
TXN02427,CUST1198,ACC_CUST1198,2026-05-24T22:02:30.073010,294.5,USD,withdrawal,wire,,CH,corporate
TXN02428,CUST1176,ACC_CUST1176,2026-06-17T13:02:30.073010,191.66,USD,cash_deposit,online,,US,high_net_worth
TXN02429,CUST1184,ACC_CUST1184,2026-04-25T03:02:30.073010,2127.74,USD,transfer,online,ACC_CUST1198,GB,high_net_worth
TXN02430,CUST1082,ACC_CUST1082,2026-05-14T22:02:30.073010,501.12,USD,deposit,wire,,SG,corporate
TXN02431,CUST1073,ACC_CUST1073,2026-04-02T13:02:30.073010,1324.35,USD,cash_deposit,online,,FR,retail
TXN02432,CUST1064,ACC_CUST1064,2026-07-13T19:02:30.073010,174.01,USD,transfer,online,ACC_CUST1207,US,high_net_worth
TXN02433,CUST1213,ACC_CUST1213,2026-05-25T22:02:30.073010,923.31,USD,cash_deposit,wire,,JP,high_net_worth
TXN02434,CUST1237,ACC_CUST1237,2026-05-13T09:02:30.073010,395.45,USD,transfer,wire,ACC_CUST1068,JP,corporate
TXN02435,CUST1105,ACC_CUST1105,2026-04-28T05:02:30.073010,896.98,USD,withdrawal,online,,US,corporate
TXN02436,CUST1186,ACC_CUST1186,2026-07-21T13:02:30.073010,319.85,USD,cash_deposit,atm,,SG,retail
TXN02437,CUST1109,ACC_CUST1109,2026-05-17T03:02:30.073010,244.81,USD,cash_deposit,branch,,SG,corporate
TXN02438,CUST1231,ACC_CUST1231,2026-05-05T18:02:30.073010,76.72,USD,cash_deposit,branch,,JP,high_net_worth
TXN02439,CUST1172,ACC_CUST1172,2026-06-06T04:02:30.073010,69.65,USD,cash_deposit,wire,,SG,retail
TXN02440,CUST1226,ACC_CUST1226,2026-03-31T21:02:30.073010,261.38,USD,withdrawal,wire,,CH,corporate
TXN02441,CUST1088,ACC_CUST1088,2026-05-01T22:02:30.073010,266.75,USD,withdrawal,wire,,CH,high_net_worth
TXN02442,CUST1101,ACC_CUST1101,2026-04-16T12:02:30.073010,617.55,USD,transfer,wire,ACC_CUST1125,US,high_net_worth
TXN02443,CUST1066,ACC_CUST1066,2026-07-03T14:02:30.073010,473.89,USD,transfer,branch,ACC_CUST1049,US,high_net_worth
TXN02444,CUST1043,ACC_CUST1043,2026-03-29T23:02:30.073010,584.38,USD,deposit,atm,,FR,corporate
TXN02445,CUST1160,ACC_CUST1160,2026-07-25T10:02:30.073010,960.72,USD,withdrawal,online,,JP,high_net_worth
TXN02446,CUST1157,ACC_CUST1157,2026-07-13T01:02:30.073010,714.64,USD,transfer,atm,ACC_CUST1298,US,high_net_worth
TXN02447,CUST1228,ACC_CUST1228,2026-05-27T09:02:30.073010,118.39,USD,withdrawal,atm,,FR,high_net_worth
TXN02448,CUST1287,ACC_CUST1287,2026-04-17T03:02:30.073010,47.82,USD,withdrawal,wire,,SG,corporate
TXN02449,CUST1209,ACC_CUST1209,2026-04-17T16:02:30.073010,361.32,USD,cash_deposit,atm,,FR,retail
TXN02450,CUST1127,ACC_CUST1127,2026-04-11T20:02:30.073010,40.63,USD,withdrawal,wire,,US,high_net_worth
TXN02451,CUST1020,ACC_CUST1020,2026-04-14T11:02:30.073010,204.38,USD,cash_deposit,wire,,JP,retail
TXN02452,CUST1010,ACC_CUST1010,2026-06-11T21:02:30.073010,264.53,USD,transfer,wire,ACC_CUST1299,US,high_net_worth
TXN02453,CUST1229,ACC_CUST1229,2026-07-19T23:02:30.073010,660.43,USD,cash_deposit,atm,,GB,corporate
TXN02454,CUST1043,ACC_CUST1043,2026-07-19T10:02:30.073010,53.49,USD,deposit,online,,FR,corporate
TXN02455,CUST1153,ACC_CUST1153,2026-06-22T11:02:30.073010,1494.16,USD,withdrawal,branch,,DE,high_net_worth
TXN02456,CUST1100,ACC_CUST1100,2026-06-17T09:02:30.073010,287.0,USD,transfer,branch,ACC_CUST1181,US,high_net_worth
TXN02457,CUST1253,ACC_CUST1253,2026-03-30T18:02:30.073010,146.34,USD,cash_deposit,online,,DE,retail
TXN02458,CUST1129,ACC_CUST1129,2026-04-21T15:02:30.073010,125.07,USD,transfer,branch,ACC_CUST1250,JP,high_net_worth
TXN02459,CUST1085,ACC_CUST1085,2026-04-03T19:02:30.073010,101.6,USD,withdrawal,atm,,GB,corporate
TXN02460,CUST1221,ACC_CUST1221,2026-05-10T00:02:30.073010,131.45,USD,transfer,wire,ACC_CUST1041,JP,high_net_worth
TXN02461,CUST1016,ACC_CUST1016,2026-04-13T18:02:30.073010,118.17,USD,deposit,branch,,DE,retail
TXN02462,CUST1102,ACC_CUST1102,2026-07-21T14:02:30.073010,20.99,USD,cash_deposit,wire,,DE,high_net_worth
TXN02463,CUST1138,ACC_CUST1138,2026-06-25T11:02:30.073010,586.48,USD,transfer,atm,ACC_CUST1262,CH,retail
TXN02464,CUST1217,ACC_CUST1217,2026-05-19T21:02:30.073010,390.95,USD,transfer,online,ACC_CUST1177,US,high_net_worth
TXN02465,CUST1282,ACC_CUST1282,2026-04-21T14:02:30.073010,743.79,USD,transfer,atm,ACC_CUST1042,DE,high_net_worth
TXN02466,CUST1043,ACC_CUST1043,2026-07-09T20:02:30.073010,509.41,USD,transfer,branch,ACC_CUST1011,FR,corporate
TXN02467,CUST1054,ACC_CUST1054,2026-04-28T01:02:30.073010,30.15,USD,withdrawal,atm,,DE,corporate
TXN02468,CUST1292,ACC_CUST1292,2026-07-08T06:02:30.073010,12.91,USD,deposit,branch,,DE,high_net_worth
TXN02469,CUST1006,ACC_CUST1006,2026-06-30T09:02:30.073010,272.22,USD,deposit,online,,US,retail
TXN02470,CUST1235,ACC_CUST1235,2026-06-16T09:02:30.073010,27.34,USD,deposit,branch,,JP,retail
TXN02471,CUST1071,ACC_CUST1071,2026-04-22T22:02:30.073010,38.86,USD,deposit,online,,US,corporate
TXN02472,CUST1046,ACC_CUST1046,2026-03-28T12:02:30.073010,25.39,USD,withdrawal,online,,CH,corporate
TXN02473,CUST1040,ACC_CUST1040,2026-05-16T09:02:30.073010,520.39,USD,withdrawal,wire,,FR,corporate
TXN02474,CUST1253,ACC_CUST1253,2026-06-13T21:02:30.073010,111.93,USD,withdrawal,wire,,DE,retail
TXN02475,CUST1031,ACC_CUST1031,2026-05-23T04:02:30.073010,68.02,USD,deposit,branch,,GB,retail
TXN02476,CUST1101,ACC_CUST1101,2026-04-30T03:02:30.073010,374.07,USD,withdrawal,branch,,US,high_net_worth
TXN02477,CUST1038,ACC_CUST1038,2026-04-21T04:02:30.073010,160.59,USD,transfer,online,ACC_CUST1083,CH,corporate
TXN02478,CUST1151,ACC_CUST1151,2026-06-12T12:02:30.073010,96.68,USD,transfer,online,ACC_CUST1218,GB,corporate
TXN02479,CUST1176,ACC_CUST1176,2026-06-30T06:02:30.073010,109.16,USD,deposit,atm,,US,high_net_worth
TXN02480,CUST1082,ACC_CUST1082,2026-04-05T00:02:30.073010,136.58,USD,deposit,wire,,SG,corporate
TXN02481,CUST1030,ACC_CUST1030,2026-06-15T12:02:30.073010,13.62,USD,deposit,wire,,DE,corporate
TXN02482,CUST1045,ACC_CUST1045,2026-05-07T17:02:30.073010,101.32,USD,transfer,branch,ACC_CUST1291,SG,retail
TXN02483,CUST1163,ACC_CUST1163,2026-05-24T10:02:30.073010,217.76,USD,cash_deposit,atm,,US,high_net_worth
TXN02484,CUST1250,ACC_CUST1250,2026-05-07T16:02:30.073010,275.46,USD,withdrawal,online,,US,retail
TXN02485,CUST1021,ACC_CUST1021,2026-06-24T10:02:30.073010,646.02,USD,cash_deposit,wire,,DE,high_net_worth
TXN02486,CUST1166,ACC_CUST1166,2026-07-24T11:02:30.073010,190.54,USD,cash_deposit,wire,,FR,corporate
TXN02487,CUST1072,ACC_CUST1072,2026-06-30T11:02:30.073010,629.93,USD,cash_deposit,branch,,SG,retail
TXN02488,CUST1162,ACC_CUST1162,2026-05-15T19:02:30.073010,146.57,USD,withdrawal,wire,,US,high_net_worth
TXN02489,CUST1222,ACC_CUST1222,2026-07-07T20:02:30.073010,279.64,USD,withdrawal,online,,DE,high_net_worth
TXN02490,CUST1094,ACC_CUST1094,2026-04-24T02:02:30.073010,201.76,USD,deposit,wire,,CH,high_net_worth
TXN02491,CUST1138,ACC_CUST1138,2026-05-10T05:02:30.073010,159.39,USD,deposit,wire,,CH,retail
TXN02492,CUST1155,ACC_CUST1155,2026-07-12T16:02:30.073010,209.97,USD,transfer,online,ACC_CUST1097,JP,high_net_worth
TXN02493,CUST1255,ACC_CUST1255,2026-05-22T12:02:30.073010,1053.1,USD,withdrawal,wire,,GB,retail
TXN02494,CUST1030,ACC_CUST1030,2026-05-12T02:02:30.073010,377.28,USD,deposit,atm,,DE,corporate
TXN02495,CUST1148,ACC_CUST1148,2026-04-15T06:02:30.073010,171.53,USD,cash_deposit,online,,CH,corporate
TXN02496,CUST1006,ACC_CUST1006,2026-05-06T19:02:30.073010,308.65,USD,withdrawal,atm,,US,retail
TXN02497,CUST1219,ACC_CUST1219,2026-06-14T02:02:30.073010,135.15,USD,withdrawal,atm,,CH,retail
TXN02498,CUST1191,ACC_CUST1191,2026-07-09T21:02:30.073010,259.95,USD,withdrawal,atm,,GB,retail
TXN02499,CUST1242,ACC_CUST1242,2026-04-04T23:02:30.073010,171.87,USD,cash_deposit,atm,,DE,high_net_worth
TXN02500,CUST1107,ACC_CUST1107,2026-05-08T21:02:30.073010,311.43,USD,withdrawal,atm,,SG,retail
